"Activity Date","Process Date","Settle Date","Instrument","Description","Trans Code","Quantity","Price","Amount"
"11/14/2025","11/14/2025","11/14/2025","GD","Cash Div: R/D 2025-10-10 P/D 2025-11-14 - 11.68256 shares at 1.5","CDIV","","","$17.52"
"11/14/2025","11/14/2025","11/17/2025","CCJ","Cameco
CUSIP: 13321L108
Recurring","Buy","0.235286","$85.00","($20.00)"
"11/14/2025","11/14/2025","11/17/2025","JPM","JPMorgan Chase
CUSIP: 46625H100
Recurring","Buy","0.06553","$305.20","($20.00)"
"11/14/2025","11/14/2025","11/17/2025","CAT","Caterpillar
CUSIP: 149123101
Recurring","Buy","0.03616","$553.09","($20.00)"
"11/14/2025","11/14/2025","11/17/2025","GOOGL","Alphabet Class A
CUSIP: 02079K305","Buy","0.327805","$274.83","($90.09)"
"11/13/2025","11/13/2025","11/14/2025","CCJ","Cameco
CUSIP: 13321L108
Recurring","Buy","0.232903","$85.87","($20.00)"
"11/13/2025","11/13/2025","11/14/2025","JPM","JPMorgan Chase
CUSIP: 46625H100
Recurring","Buy","0.064175","$311.64","($20.00)"
"11/13/2025","11/13/2025","11/14/2025","CAT","Caterpillar
CUSIP: 149123101
Recurring","Buy","0.036486","$548.15","($20.00)"
"11/13/2025","11/13/2025","11/14/2025","GOOGL","Alphabet Class A
CUSIP: 02079K305","Buy","0.49884","$280.39","($139.87)"
"11/13/2025","11/13/2025","11/14/2025","","ACH Deposit","ACH","","","$400.00"
"11/13/2025","11/13/2025","11/13/2025","","Cash back from Robinhood Credit Card","XENT_CC","","","$9.61"
"11/12/2025","11/12/2025","11/13/2025","CCJ","Cameco
CUSIP: 13321L108
Recurring","Buy","0.216146","$92.53","($20.00)"
"11/12/2025","11/12/2025","11/13/2025","JPM","JPMorgan Chase
CUSIP: 46625H100
Recurring","Buy","0.06249","$320.05","($20.00)"
"11/12/2025","11/12/2025","11/13/2025","CAT","Caterpillar
CUSIP: 149123101
Recurring","Buy","0.034671","$576.85","($20.00)"
"11/11/2025","11/11/2025","11/12/2025","CCJ","Cameco
CUSIP: 13321L108
Recurring","Buy","0.217178","$92.09","($20.00)"
"11/11/2025","11/11/2025","11/12/2025","JPM","JPMorgan Chase
CUSIP: 46625H100
Recurring","Buy","0.063168","$316.62","($20.00)"
"11/11/2025","11/11/2025","11/12/2025","CAT","Caterpillar
CUSIP: 149123101
Recurring","Buy","0.035079","$570.14","($20.00)"
"11/10/2025","11/10/2025","11/12/2025","CCJ","Cameco
CUSIP: 13321L108
Recurring","Buy","0.212867","$93.96","($20.00)"
"11/10/2025","11/10/2025","11/12/2025","JPM","JPMorgan Chase
CUSIP: 46625H100
Recurring","Buy","0.062977","$317.57","($20.00)"
"11/10/2025","11/10/2025","11/12/2025","CAT","Caterpillar
CUSIP: 149123101
Recurring","Buy","0.035004","$571.35","($20.00)"
"11/10/2025","11/10/2025","11/12/2025","MSFT","Microsoft
CUSIP: 594918104","Buy","0.538228","$502.11","($270.25)"
"11/7/2025","11/7/2025","11/10/2025","MSFT","Microsoft
CUSIP: 594918104","Buy","0.288912","$495.89","($143.27)"
"11/7/2025","11/7/2025","11/10/2025","CCJ","Cameco
CUSIP: 13321L108
Recurring","Buy","0.222608","$89.84","($20.00)"
"11/7/2025","11/7/2025","11/10/2025","JPM","JPMorgan Chase
CUSIP: 46625H100
Recurring","Buy","0.064145","$311.79","($20.00)"
"11/7/2025","11/7/2025","11/10/2025","CAT","Caterpillar
CUSIP: 149123101
Recurring","Buy","0.035661","$560.83","($20.00)"
"11/7/2025","11/7/2025","11/7/2025","NVO","Stock Lending","SLIP","","","$0.01"
"11/7/2025","11/7/2025","11/7/2025","OPRA","Stock Lending","SLIP","","","$0.01"
"11/7/2025","11/7/2025","11/7/2025","JD","Stock Lending","SLIP","","","$0.01"
"11/7/2025","11/7/2025","11/7/2025","BLSH","Stock Lending","SLIP","","","$0.01"
"11/7/2025","11/7/2025","11/7/2025","FIG","Stock Lending","SLIP","","","$3.20"
"11/7/2025","11/7/2025","11/7/2025","GEMI","Stock Lending","SLIP","","","$0.01"
"11/7/2025","11/7/2025","11/7/2025","GD","Stock Lending","SLIP","","","$0.01"
"11/7/2025","11/7/2025","11/7/2025","ASTS","Stock Lending","SLIP","","","$0.01"
"11/7/2025","11/7/2025","11/10/2025","GOOGL","Alphabet Class A
CUSIP: 02079K305","Buy","0.361172","$276.88","($100.00)"
"11/7/2025","11/7/2025","11/10/2025","MSFT","Microsoft
CUSIP: 594918104","Buy","0.383973","$495.06","($190.09)"
"11/7/2025","11/7/2025","11/10/2025","","ACH Deposit","ACH","","","$500.00"
"11/6/2025","11/6/2025","11/7/2025","CCJ","Cameco
CUSIP: 13321L108
Recurring","Buy","0.221116","$90.45","($20.00)"
"11/6/2025","11/6/2025","11/7/2025","JPM","JPMorgan Chase
CUSIP: 46625H100
Recurring","Buy","0.063724","$313.85","($20.00)"
"11/6/2025","11/6/2025","11/7/2025","CAT","Caterpillar
CUSIP: 149123101
Recurring","Buy","0.035079","$570.14","($20.00)"
"11/6/2025","11/6/2025","11/7/2025","MSFT","Microsoft
CUSIP: 594918104","Buy","0.261721","$497.06","($130.09)"
"11/5/2025","11/5/2025","11/6/2025","CCJ","Cameco
CUSIP: 13321L108
Recurring","Buy","0.208372","$95.98","($20.00)"
"11/5/2025","11/5/2025","11/6/2025","JPM","JPMorgan Chase
CUSIP: 46625H100
Recurring","Buy","0.064125","$311.89","($20.00)"
"11/5/2025","11/5/2025","11/6/2025","MSFT","Microsoft
CUSIP: 594918104","Buy","0.29471","$509.24","($150.08)"
"11/5/2025","11/5/2025","11/6/2025","CAT","Caterpillar
CUSIP: 149123101
Recurring","Buy","0.035126","$569.37","($20.00)"
"11/4/2025","11/4/2025","11/5/2025","CCJ","Cameco
CUSIP: 13321L108
Recurring","Buy","0.205075","$97.52","($20.00)"
"11/4/2025","11/4/2025","11/5/2025","JPM","JPMorgan Chase
CUSIP: 46625H100
Recurring","Buy","0.064871","$308.30","($20.00)"
"11/4/2025","11/4/2025","11/5/2025","CAT","Caterpillar
CUSIP: 149123101
Recurring","Buy","0.036233","$551.98","($20.00)"
"11/4/2025","11/4/2025","11/5/2025","ASTS","AST SpaceMobile
CUSIP: 00217D100","Buy","0.122454","$70.46","($8.63)"
"11/4/2025","11/4/2025","11/5/2025","ASTS","AST SpaceMobile
CUSIP: 00217D100","Buy","3","$70.46","($211.37)"
"11/4/2025","11/4/2025","11/5/2025","GOOGL","Alphabet Class A
CUSIP: 02079K305","Buy","0.038056","$279.46","($10.63)"
"11/4/2025","11/4/2025","11/5/2025","GOOGL","Alphabet Class A
CUSIP: 02079K305","Buy","1","$279.46","($279.46)"
"11/3/2025","11/3/2025","11/4/2025","CCJ","Cameco
CUSIP: 13321L108
Recurring","Buy","0.196542","$101.76","($20.00)"
"11/3/2025","11/3/2025","11/4/2025","JPM","JPMorgan Chase
CUSIP: 46625H100
Recurring","Buy","0.064469","$310.22","($20.00)"
"11/3/2025","11/3/2025","11/4/2025","CAT","Caterpillar
CUSIP: 149123101
Recurring","Buy","0.034885","$573.30","($20.00)"
"11/3/2025","11/3/2025","11/4/2025","MSFT","Microsoft
CUSIP: 594918104","Buy","0.343926","$517.73","($178.06)"
"11/3/2025","11/3/2025","11/3/2025","","Gold Deposit Boost Payment","GDBP","","","$8.84"
"10/31/2025","10/31/2025","10/31/2025","","Interest Payment","INT","","","$8.95"
"10/31/2025","10/31/2025","11/3/2025","META","Meta Platforms
CUSIP: 30303M102","Buy","0.431528","$649.50","($280.28)"
"10/31/2025","10/31/2025","11/3/2025","CCJ","Cameco
CUSIP: 13321L108
Recurring","Buy","0.195503","$102.30","($20.00)"
"10/31/2025","10/31/2025","11/3/2025","JPM","JPMorgan Chase
CUSIP: 46625H100
Recurring","Buy","0.06428","$311.14","($20.00)"
"10/31/2025","10/31/2025","11/3/2025","CAT","Caterpillar
CUSIP: 149123101
Recurring","Buy","0.034802","$574.66","($20.00)"
"10/31/2025","10/31/2025","11/3/2025","JD","JD.com
CUSIP: 47215P106","Sell","0.24886","$32.94","$8.20"
"10/31/2025","10/31/2025","11/3/2025","JD","JD.com
CUSIP: 47215P106","Sell","45","$32.94","$1,482.08"
"10/31/2025","10/31/2025","11/3/2025","MSFT","Microsoft
CUSIP: 594918104","Buy","0.444095","$518.18","($230.12)"
"10/30/2025","10/30/2025","10/31/2025","CCJ","Cameco
CUSIP: 13321L108
Recurring","Buy","0.190204","$105.15","($20.00)"
"10/30/2025","10/30/2025","10/31/2025","JPM","JPMorgan Chase
CUSIP: 46625H100
Recurring","Buy","0.064227","$311.40","($20.00)"
"10/30/2025","10/30/2025","10/31/2025","CAT","Caterpillar
CUSIP: 149123101
Recurring","Buy","0.034194","$584.89","($20.00)"
"10/30/2025","10/30/2025","10/30/2025","","Cash back from Robinhood Credit Card","XENT_CC","","","$9.95"
"10/29/2025","10/29/2025","10/30/2025","MSFT","Microsoft
CUSIP: 594918104","Buy","0.184102","$539.16","($99.26)"
"10/29/2025","10/29/2025","10/30/2025","CCJ","Cameco
CUSIP: 13321L108
Recurring","Buy","0.18527","$107.95","($20.00)"
"10/29/2025","10/29/2025","10/30/2025","JPM","JPMorgan Chase
CUSIP: 46625H100
Recurring","Buy","0.065386","$305.88","($20.00)"
"10/29/2025","10/29/2025","10/30/2025","CAT","Caterpillar
CUSIP: 149123101
Recurring","Buy","0.033974","$588.67","($20.00)"
"10/29/2025","10/29/2025","10/30/2025","","ACH Deposit","ACH","","","$500.00"
"10/28/2025","10/28/2025","10/29/2025","CCJ","Cameco
CUSIP: 13321L108
Recurring","Buy","0.18325","$109.14","($20.00)"
"10/28/2025","10/28/2025","10/29/2025","JPM","JPMorgan Chase
CUSIP: 46625H100
Recurring","Buy","0.065497","$305.36","($20.00)"
"10/28/2025","10/28/2025","10/29/2025","CAT","Caterpillar
CUSIP: 149123101
Recurring","Buy","0.037815","$528.89","($20.00)"
"10/27/2025","10/27/2025","10/28/2025","CCJ","Cameco
CUSIP: 13321L108
Recurring","Buy","0.231675","$86.33","($20.00)"
"10/27/2025","10/27/2025","10/28/2025","JPM","JPMorgan Chase
CUSIP: 46625H100
Recurring","Buy","0.065998","$303.04","($20.00)"
"10/27/2025","10/27/2025","10/28/2025","CAT","Caterpillar
CUSIP: 149123101
Recurring","Buy","0.038299","$522.20","($20.00)"
"10/24/2025","10/24/2025","10/24/2025","","Cash back from Robinhood Credit Card","XENT_CC","","","$38.84"
"10/24/2025","10/24/2025","10/27/2025","CCJ","Cameco
CUSIP: 13321L108
Recurring","Buy","0.22686","$88.16","($20.00)"
"10/24/2025","10/24/2025","10/27/2025","JPM","JPMorgan Chase
CUSIP: 46625H100
Recurring","Buy","0.066193","$302.14","($20.00)"
"10/24/2025","10/24/2025","10/27/2025","CAT","Caterpillar
CUSIP: 149123101
Recurring","Buy","0.038083","$525.16","($20.00)"
"10/24/2025","10/24/2025","10/27/2025","NFLX","Netflix
CUSIP: 64110L106","Buy","0.304307","$1,109.86","($337.74)"
"10/24/2025","10/24/2025","10/27/2025","","ACH Deposit","ACH","","","$500.00"
"10/23/2025","10/23/2025","10/24/2025","CCJ","Cameco
CUSIP: 13321L108
Recurring","Buy","0.230997","$86.58","($20.00)"
"10/23/2025","10/23/2025","10/24/2025","JPM","JPMorgan Chase
CUSIP: 46625H100
Recurring","Buy","0.067838","$294.82","($20.00)"
"10/23/2025","10/23/2025","10/24/2025","CAT","Caterpillar
CUSIP: 149123101
Recurring","Buy","0.03857","$518.54","($20.00)"
"10/22/2025","10/22/2025","10/23/2025","CCJ","Cameco
CUSIP: 13321L108
Recurring","Buy","0.245504","$81.46","($20.00)"
"10/22/2025","10/22/2025","10/23/2025","JPM","JPMorgan Chase
CUSIP: 46625H100
Recurring","Buy","0.068656","$291.30","($20.00)"
"10/22/2025","10/22/2025","10/23/2025","CAT","Caterpillar
CUSIP: 149123101
Recurring","Buy","0.039138","$511.01","($20.00)"
"10/21/2025","10/21/2025","10/22/2025","CCJ","Cameco
CUSIP: 13321L108
Recurring","Buy","0.242189","$82.58","($20.00)"
"10/21/2025","10/21/2025","10/22/2025","JPM","JPMorgan Chase
CUSIP: 46625H100
Recurring","Buy","0.066871","$299.08","($20.00)"
"10/21/2025","10/21/2025","10/22/2025","CAT","Caterpillar
CUSIP: 149123101
Recurring","Buy","0.037762","$529.62","($20.00)"
"10/21/2025","10/21/2025","10/21/2025","","Cash back from Robinhood Credit Card","XENT_CC","","","$6.66"
"10/20/2025","10/20/2025","10/21/2025","CCJ","Cameco
CUSIP: 13321L108
Recurring","Buy","0.232828","$85.90","($20.00)"
"10/20/2025","10/20/2025","10/21/2025","JPM","JPMorgan Chase
CUSIP: 46625H100
Recurring","Buy","0.065898","$303.50","($20.00)"
"10/20/2025","10/20/2025","10/21/2025","CAT","Caterpillar
CUSIP: 149123101
Recurring","Buy","0.037685","$530.71","($20.00)"
"10/17/2025","10/17/2025","10/20/2025","CCJ","Cameco
CUSIP: 13321L108
Recurring","Buy","0.231269","$86.48","($20.00)"
"10/17/2025","10/17/2025","10/20/2025","JPM","JPMorgan Chase
CUSIP: 46625H100
Recurring","Buy","0.067228","$297.49","($20.00)"
"10/17/2025","10/17/2025","10/20/2025","CAT","Caterpillar
CUSIP: 149123101
Recurring","Buy","0.037859","$528.27","($20.00)"
"10/16/2025","10/16/2025","10/17/2025","CCJ","Cameco
CUSIP: 13321L108
Recurring","Buy","0.220823","$90.57","($20.00)"
"10/16/2025","10/16/2025","10/17/2025","JPM","JPMorgan Chase
CUSIP: 46625H100
Recurring","Buy","0.066863","$299.12","($20.00)"
"10/16/2025","10/16/2025","10/17/2025","CAT","Caterpillar
CUSIP: 149123101
Recurring","Buy","0.036812","$543.29","($20.00)"
"10/15/2025","10/15/2025","10/16/2025","CCJ","Cameco
CUSIP: 13321L108
Recurring","Buy","0.217013","$92.16","($20.00)"
"10/15/2025","10/15/2025","10/16/2025","JPM","JPMorgan Chase
CUSIP: 46625H100
Recurring","Buy","0.065168","$306.90","($20.00)"
"10/15/2025","10/15/2025","10/16/2025","CAT","Caterpillar
CUSIP: 149123101
Recurring","Buy","0.037587","$532.10","($20.00)"
"10/15/2025","10/15/2025","10/16/2025","","ACH Deposit","ACH","","","$460.00"
"10/14/2025","10/14/2025","10/15/2025","CCJ","Cameco
CUSIP: 13321L108
Recurring","Buy","0.209281","$95.56","($20.00)"
"10/14/2025","10/14/2025","10/15/2025","JPM","JPMorgan Chase
CUSIP: 46625H100
Recurring","Buy","0.065545","$305.13","($20.00)"
"10/14/2025","10/14/2025","10/15/2025","CAT","Caterpillar
CUSIP: 149123101
Recurring","Buy","0.037812","$528.92","($20.00)"
"10/13/2025","10/13/2025","10/14/2025","CCJ","Cameco
CUSIP: 13321L108
Recurring","Buy","0.108944","$91.79","($10.00)"
"10/13/2025","10/13/2025","10/14/2025","JPM","JPMorgan Chase
CUSIP: 46625H100
Recurring","Buy","0.032384","$308.79","($10.00)"
"10/13/2025","10/13/2025","10/14/2025","CAT","Caterpillar
CUSIP: 149123101
Recurring","Buy","0.019813","$504.71","($10.00)"
"10/10/2025","10/10/2025","10/14/2025","CCJ","Cameco
CUSIP: 13321L108
Recurring","Buy","0.11335","$88.22","($10.00)"
"10/10/2025","10/10/2025","10/14/2025","JPM","JPMorgan Chase
CUSIP: 46625H100
Recurring","Buy","0.032946","$303.52","($10.00)"
"10/10/2025","10/10/2025","10/14/2025","CAT","Caterpillar
CUSIP: 149123101
Recurring","Buy","0.020049","$498.78","($10.00)"
"10/10/2025","10/10/2025","10/14/2025","GOOGL","Alphabet Class A
CUSIP: 02079K305","Buy","0.839742","$238.17","($200.00)"
"10/10/2025","10/10/2025","10/14/2025","CAT","Caterpillar
CUSIP: 149123101","Buy","0.357366","$503.60","($179.97)"
"10/10/2025","10/10/2025","10/13/2025","","ACH Deposit","ACH","","","$1,000.00"
"10/9/2025","10/9/2025","10/9/2025","VICI","Cash Div: R/D 2025-09-18 P/D 2025-10-09 - 44.194419 shares at 0.45","CDIV","","","$19.89"
"10/9/2025","10/9/2025","10/10/2025","CCJ","Cameco
CUSIP: 13321L108
Recurring","Buy","0.115717","$86.42","($10.00)"
"10/9/2025","10/9/2025","10/10/2025","JPM","JPMorgan Chase
CUSIP: 46625H100
Recurring","Buy","0.032814","$304.74","($10.00)"
"10/9/2025","10/9/2025","10/10/2025","CAT","Caterpillar
CUSIP: 149123101
Recurring","Buy","0.019932","$501.70","($10.00)"
"10/9/2025","10/9/2025","10/10/2025","GOOGL","Alphabet Class A
CUSIP: 02079K305","Buy","1.170669","$240.44","($281.47)"
"10/8/2025","10/8/2025","10/9/2025","CCJ","Cameco
CUSIP: 13321L108
Recurring","Buy","0.116265","$86.01","($10.00)"
"10/8/2025","10/8/2025","10/9/2025","JPM","JPMorgan Chase
CUSIP: 46625H100
Recurring","Buy","0.032669","$306.10","($10.00)"
"10/8/2025","10/8/2025","10/9/2025","CAT","Caterpillar
CUSIP: 149123101
Recurring","Buy","0.019776","$505.66","($10.00)"
"10/7/2025","10/7/2025","10/7/2025","MRK","Cash Div: R/D 2025-09-15 P/D 2025-10-07 - 38.62881 shares at 0.81","CDIV","","","$31.29"
"10/7/2025","10/7/2025","10/8/2025","JPM","JPMorgan Chase
CUSIP: 46625H100","Buy","0.159591","$307.66","($49.10)"
"10/7/2025","10/7/2025","10/8/2025","JPM","JPMorgan Chase
CUSIP: 46625H100","Buy","2","$307.66","($615.32)"
"10/7/2025","10/7/2025","10/8/2025","CCJ","Cameco
CUSIP: 13321L108","Buy","5.77634","$86.56","($500.00)"
"10/7/2025","10/7/2025","10/7/2025","","Cash back from Robinhood Credit Card","XENT_CC","","","$23.56"
"10/6/2025","10/6/2025","10/6/2025","SCHD","Stock Lending","SLIP","","","$0.01"
"10/6/2025","10/6/2025","10/6/2025","BLSH","Stock Lending","SLIP","","","$0.01"
"10/6/2025","10/6/2025","10/6/2025","NVO","Stock Lending","SLIP","","","$0.01"
"10/6/2025","10/6/2025","10/6/2025","OPRA","Stock Lending","SLIP","","","$0.01"
"10/6/2025","10/6/2025","10/6/2025","JD","Stock Lending","SLIP","","","$0.01"
"10/6/2025","10/6/2025","10/6/2025","GEMI","Stock Lending","SLIP","","","$0.01"
"10/6/2025","10/6/2025","10/6/2025","QQQM","Stock Lending","SLIP","","","$0.01"
"10/6/2025","10/6/2025","10/6/2025","ASTS","Stock Lending","SLIP","","","$0.01"
"10/6/2025","10/6/2025","10/6/2025","FIG","Stock Lending","SLIP","","","$0.01"
"10/2/2025","10/2/2025","10/2/2025","NVDA","Cash Div: R/D 2025-09-11 P/D 2025-10-02 - 21.49993 shares at 0.01","CDIV","","","$0.21"
"10/1/2025","10/1/2025","10/2/2025","GOOGL","Alphabet Class A
CUSIP: 02079K305","Buy","0.461218","$240.45","($110.90)"
"10/1/2025","10/1/2025","10/2/2025","AVGO","Broadcom
CUSIP: 11135F101
Dividend Reinvestment","Buy","0.027583","$329.18","($9.08)"
"10/1/2025","10/1/2025","10/2/2025","","ACH Deposit","ACH","","","$500.00"
"9/30/2025","9/30/2025","9/30/2025","AVGO","Cash Div: R/D 2025-09-22 P/D 2025-09-30 - 15.38796 shares at 0.59","CDIV","","","$9.08"
"9/30/2025","9/30/2025","9/30/2025","","Interest Payment","INT","","","$7.00"
"9/30/2025","9/30/2025","9/30/2025","","Gold Deposit Boost Payment","GDBP","","","$8.85"
"9/30/2025","9/30/2025","10/1/2025","GOOGL","Alphabet Class A
CUSIP: 02079K305","Buy","0.811221","$240.44","($195.05)"
"9/30/2025","9/30/2025","10/1/2025","META","Meta Platforms
CUSIP: 30303M102
Dividend Reinvestment","Buy","0.003464","$730.26","($2.53)"
"9/29/2025","9/29/2025","9/29/2025","META","Cash Div: R/D 2025-09-22 P/D 2025-09-29 - 4.819634 shares at 0.525","CDIV","","","$2.53"
"9/29/2025","9/29/2025","9/30/2025","GOOGL","Alphabet Class A
CUSIP: 02079K305","Buy","0.025907","$243.69","($6.31)"
"9/29/2025","9/29/2025","9/30/2025","GOOGL","Alphabet Class A
CUSIP: 02079K305","Buy","1","$243.69","($243.69)"
"9/29/2025","9/29/2025","9/30/2025","GOOGL","Alphabet Class A
CUSIP: 02079K305","Buy","1.022118","$244.59","($250.00)"
"9/29/2025","9/29/2025","9/30/2025","GOOGL","Alphabet Class A
CUSIP: 02079K305","Buy","1.994813","$250.65","($500.00)"
"9/29/2025","9/29/2025","9/30/2025","CAT","Caterpillar
CUSIP: 149123101","Buy","0.498616","$471.54","($235.12)"
"9/26/2025","9/26/2025","9/29/2025","GOOGL","Alphabet Class A
CUSIP: 02079K305","Buy","0.013096","$246.77","($3.23)"
"9/26/2025","9/26/2025","9/29/2025","GOOGL","Alphabet Class A
CUSIP: 02079K305","Buy","1","$246.77","($246.77)"
"9/26/2025","9/26/2025","9/29/2025","GOOGL","Alphabet Class A
CUSIP: 02079K305","Buy","0.385114","$246.81","($95.05)"
"9/26/2025","9/26/2025","9/29/2025","","ACH Deposit","ACH","","","$1,500.00"
"9/25/2025","9/25/2025","9/26/2025","GOOGL","Alphabet Class A
CUSIP: 02079K305","Buy","0.591116","$245.37","($145.04)"
"9/24/2025","9/24/2025","9/25/2025","GOOGL","Alphabet Class A
CUSIP: 02079K305","Buy","1.126577","$247.99","($279.38)"
"9/23/2025","9/23/2025","9/23/2025","UNH","Cash Div: R/D 2025-09-15 P/D 2025-09-23 - 15.539279 shares at 2.21","CDIV","","","$34.34"
"9/23/2025","9/23/2025","9/24/2025","META","Meta Platforms
CUSIP: 30303M102","Buy","0.650914","$768.15","($500.00)"
"9/23/2025","9/23/2025","9/24/2025","MSFT","Microsoft
CUSIP: 594918104","Buy","0.97901","$510.72","($500.00)"
"9/23/2025","9/23/2025","9/24/2025","GOOGL","Alphabet Class A
CUSIP: 02079K305","Buy","1.988348","$251.46","($500.00)"
"9/23/2025","9/23/2025","9/24/2025","AMZN","Amazon
CUSIP: 023135106","Buy","1.06073","$222.46","($235.97)"
"9/17/2025","9/17/2025","9/17/2025","","Interest Payment","INT","","","$15.72"
"9/17/2025","9/17/2025","9/18/2025","GOOGL","Alphabet Class A
CUSIP: 02079K305","Buy","1.016123","$247.78","($251.77)"
"9/17/2025","9/17/2025","9/17/2025","","Cash back from Robinhood Credit Card","XENT_CC","","","$6.73"
"9/17/2025","9/17/2025","9/18/2025","","ACH Deposit","ACH","","","$600.00"
"9/16/2025","9/16/2025","9/17/2025","MSFT","Microsoft
CUSIP: 594918104","Buy","0.195915","$510.42","($100.00)"
"9/16/2025","9/16/2025","9/17/2025","MSFT","Microsoft
CUSIP: 594918104","Buy","0.38103","$511.77","($195.00)"
"9/16/2025","9/16/2025","9/17/2025","GOOGL","Alphabet Class A
CUSIP: 02079K305
Dividend Reinvestment","Buy","0.009881","$249.97","($2.47)"
"9/16/2025","9/16/2025","9/16/2025","","Transfer from Brokerage to Brokerage","ITRF","","","$500.00"
"9/16/2025","9/16/2025","9/16/2025","SCHD","Schwab US Dividend Equity ETF
CUSIP: 808524797","ITRF","365.7126S","",""
"9/16/2025","9/16/2025","9/16/2025","QQQM","Invesco Exchange-Traded Fund Trust II Invesco NASDAQ 100 ETF
CUSIP: 46138G649","ITRF","23.105S","",""
"9/16/2025","9/16/2025","9/16/2025","VOO","Vanguard S&P 500 ETF
CUSIP: 922908363","ITRF","9.1545S","",""
"9/16/2025","9/16/2025","9/16/2025","SPMO","Invesco S&P 500 Momentum ETF
CUSIP: 46138E339","ITRF","0.2834S","",""
"9/16/2025","9/16/2025","9/16/2025","","Internal Cash Transfer from 503194144 to 859747131","ITRF","","","($1,500.00)"
"9/15/2025","9/15/2025","9/15/2025","GOOGL","Cash Div: R/D 2025-09-08 P/D 2025-09-15 - 11.771347 shares at 0.21","CDIV","","","$2.47"
"9/15/2025","9/15/2025","9/16/2025","VOO","Vanguard S&P 500 ETF
CUSIP: 922908363
Recurring","Buy","0.123572","$606.93","($75.00)"
"9/15/2025","9/15/2025","9/16/2025","SCHD","Schwab US Dividend Equity ETF
CUSIP: 808524797
Recurring","Buy","1.827632","$27.36","($50.00)"
"9/15/2025","9/15/2025","9/16/2025","QQQM","Invesco Exchange-Traded Fund Trust II Invesco NASDAQ 100 ETF
CUSIP: 46138G649
Recurring","Buy","0.308603","$243.03","($75.00)"
"9/15/2025","9/15/2025","9/16/2025","CMG","Chipotle
CUSIP: 169656105","Sell","0.121469","$38.62","$4.69"
"9/15/2025","9/15/2025","9/16/2025","CMG","Chipotle
CUSIP: 169656105","Sell","14","$38.62","$540.61"
"9/15/2025","9/15/2025","9/16/2025","CRM","Salesforce
CUSIP: 79466L302","Sell","5.55997","$243.64","$1,354.66"
"9/15/2025","9/15/2025","9/16/2025","MSFT","Microsoft
CUSIP: 594918104","Buy","0.910807","$511.40","($465.79)"
"9/15/2025","9/15/2025","9/16/2025","MSFT","Microsoft
CUSIP: 594918104","Buy","3","$511.40","($1,534.21)"
"9/15/2025","9/15/2025","9/16/2025","GOOGL","Alphabet Class A
CUSIP: 02079K305","Buy","0.426614","$248.11","($105.85)"
"9/15/2025","9/15/2025","9/16/2025","GOOGL","Alphabet Class A
CUSIP: 02079K305","Buy","9","$248.11","($2,232.96)"
"9/15/2025","9/15/2025","9/15/2025","","Cash back from Robinhood Credit Card","XENT_CC","","","$1.68"
"9/12/2025","9/12/2025","9/15/2025","VOO","Vanguard S&P 500 ETF
CUSIP: 922908363
Recurring","Buy","0.12392","$605.23","($75.00)"
"9/12/2025","9/12/2025","9/15/2025","SCHD","Schwab US Dividend Equity ETF
CUSIP: 808524797
Recurring","Buy","1.815073","$27.55","($50.00)"
"9/12/2025","9/12/2025","9/15/2025","QQQM","Invesco Exchange-Traded Fund Trust II Invesco NASDAQ 100 ETF
CUSIP: 46138G649
Recurring","Buy","0.310587","$241.48","($75.00)"
"9/12/2025","9/12/2025","9/15/2025","GEMI","Gemini Space Station
CUSIP: 36866J105
Primary Issue","Buy","1","$28.00","($28.00)"
"9/12/2025","9/12/2025","9/15/2025","AMD","AMD
CUSIP: 007903107","Buy","0.888617","$158.00","($140.40)"
"9/12/2025","9/12/2025","9/15/2025","MSFT","Microsoft
CUSIP: 594918104
Dividend Reinvestment","Buy","0.012655","$507.30","($6.42)"
"9/12/2025","9/12/2025","9/15/2025","","ACH Deposit","ACH","","","$1,500.00"
"9/11/2025","9/11/2025","9/11/2025","MSFT","Cash Div: R/D 2025-08-21 P/D 2025-09-11 - 7.74068 shares at 0.83","CDIV","","","$6.42"
"9/11/2025","9/11/2025","9/11/2025","","Cash back from Robinhood Credit Card","XENT_CC","","","$40.22"
"9/11/2025","9/11/2025","9/12/2025","VOO","Vanguard S&P 500 ETF
CUSIP: 922908363
Recurring","Buy","0.124051","$604.59","($75.00)"
"9/11/2025","9/11/2025","9/12/2025","SCHD","Schwab US Dividend Equity ETF
CUSIP: 808524797
Recurring","Buy","1.803101","$27.73","($50.00)"
"9/11/2025","9/11/2025","9/12/2025","QQQM","Invesco Exchange-Traded Fund Trust II Invesco NASDAQ 100 ETF
CUSIP: 46138G649
Recurring","Buy","0.311772","$240.56","($75.00)"
"9/10/2025","9/10/2025","9/11/2025","VOO","Vanguard S&P 500 ETF
CUSIP: 922908363
Recurring","Buy","0.125075","$599.64","($75.00)"
"9/10/2025","9/10/2025","9/11/2025","SCHD","Schwab US Dividend Equity ETF
CUSIP: 808524797
Recurring","Buy","1.824817","$27.40","($50.00)"
"9/10/2025","9/10/2025","9/11/2025","QQQM","Invesco Exchange-Traded Fund Trust II Invesco NASDAQ 100 ETF
CUSIP: 46138G649
Recurring","Buy","0.313611","$239.15","($75.00)"
"9/9/2025","9/9/2025","9/10/2025","VOO","Vanguard S&P 500 ETF
CUSIP: 922908363
Recurring","Buy","0.125537","$597.43","($75.00)"
"9/9/2025","9/9/2025","9/10/2025","SCHD","Schwab US Dividend Equity ETF
CUSIP: 808524797
Recurring","Buy","1.819505","$27.48","($50.00)"
"9/9/2025","9/9/2025","9/10/2025","QQQM","Invesco Exchange-Traded Fund Trust II Invesco NASDAQ 100 ETF
CUSIP: 46138G649
Recurring","Buy","0.314294","$238.63","($75.00)"
"9/8/2025","9/8/2025","9/9/2025","MSFT","Microsoft
CUSIP: 594918104","Buy","0.372058","$497.82","($185.22)"
"9/8/2025","9/8/2025","9/9/2025","VOO","Vanguard S&P 500 ETF
CUSIP: 922908363
Recurring","Buy","0.12597","$595.38","($75.00)"
"9/8/2025","9/8/2025","9/9/2025","SCHD","Schwab US Dividend Equity ETF
CUSIP: 808524797
Recurring","Buy","1.833032","$27.28","($50.00)"
"9/8/2025","9/8/2025","9/9/2025","QQQM","Invesco Exchange-Traded Fund Trust II Invesco NASDAQ 100 ETF
CUSIP: 46138G649
Recurring","Buy","0.314717","$238.31","($75.00)"
"9/8/2025","9/8/2025","9/8/2025","SCHD","Stock Lending","SLIP","","","$0.01"
"9/8/2025","9/8/2025","9/8/2025","NVO","Stock Lending","SLIP","","","$0.01"
"9/8/2025","9/8/2025","9/8/2025","BLSH","Stock Lending","SLIP","","","$0.01"
"9/8/2025","9/8/2025","9/8/2025","ASTS","Stock Lending","SLIP","","","$0.01"
"9/8/2025","9/8/2025","9/8/2025","FDVV","Stock Lending","SLIP","","","$0.01"
"9/8/2025","9/8/2025","9/8/2025","FIG","Stock Lending","SLIP","","","$0.01"
"9/8/2025","9/8/2025","9/8/2025","CEG","Stock Lending","SLIP","","","$0.01"
"9/8/2025","9/8/2025","9/8/2025","QQQM","Stock Lending","SLIP","","","$0.01"
"9/5/2025","9/5/2025","9/8/2025","VOO","Vanguard S&P 500 ETF
CUSIP: 922908363
Recurring","Buy","0.126441","$593.16","($75.00)"
"9/5/2025","9/5/2025","9/8/2025","SCHD","Schwab US Dividend Equity ETF
CUSIP: 808524797
Recurring","Buy","1.8169","$27.52","($50.00)"
"9/5/2025","9/5/2025","9/8/2025","QQQM","Invesco Exchange-Traded Fund Trust II Invesco NASDAQ 100 ETF
CUSIP: 46138G649
Recurring","Buy","0.31699","$236.60","($75.00)"
"9/5/2025","9/5/2025","9/8/2025","MSFT","Microsoft
CUSIP: 594918104","Buy","0.382151","$497.42","($190.09)"
"9/4/2025","9/4/2025","9/5/2025","VOO","Vanguard S&P 500 ETF
CUSIP: 922908363
Recurring","Buy","0.126027","$595.11","($75.00)"
"9/4/2025","9/4/2025","9/5/2025","SCHD","Schwab US Dividend Equity ETF
CUSIP: 808524797
Recurring","Buy","1.805706","$27.69","($50.00)"
"9/4/2025","9/4/2025","9/5/2025","QQQM","Invesco Exchange-Traded Fund Trust II Invesco NASDAQ 100 ETF
CUSIP: 46138G649
Recurring","Buy","0.317971","$235.87","($75.00)"
"9/3/2025","9/3/2025","9/4/2025","VOO","Vanguard S&P 500 ETF
CUSIP: 922908363
Recurring","Buy","0.127284","$589.23","($75.00)"
"9/3/2025","9/3/2025","9/4/2025","SCHD","Schwab US Dividend Equity ETF
CUSIP: 808524797
Recurring","Buy","1.817672","$27.51","($50.00)"
"9/3/2025","9/3/2025","9/4/2025","QQQM","Invesco Exchange-Traded Fund Trust II Invesco NASDAQ 100 ETF
CUSIP: 46138G649
Recurring","Buy","0.31998","$234.39","($75.00)"
"9/3/2025","9/3/2025","9/4/2025","GOOGL","Alphabet Class A
CUSIP: 02079K305","Buy","0.771347","$228.95","($176.60)"
"9/3/2025","9/3/2025","9/4/2025","GOOGL","Alphabet Class A
CUSIP: 02079K305","Buy","11","$228.95","($2,518.45)"
"9/3/2025","9/3/2025","9/4/2025","","ACH Deposit","ACH","","","$1,500.00"
"9/2/2025","9/2/2025","9/3/2025","VOO","Vanguard S&P 500 ETF
CUSIP: 922908363
Recurring","Buy","0.085306","$586.12","($50.00)"
"9/2/2025","9/2/2025","9/3/2025","SCHD","Schwab US Dividend Equity ETF
CUSIP: 808524797
Recurring","Buy","1.799286","$27.79","($50.00)"
"9/2/2025","9/2/2025","9/3/2025","QQQM","Invesco Exchange-Traded Fund Trust II Invesco NASDAQ 100 ETF
CUSIP: 46138G649
Recurring","Buy","0.215489","$232.03","($50.00)"
"9/2/2025","9/2/2025","9/3/2025","MSFT","Microsoft
CUSIP: 594918104","Buy","0.336759","$500.74","($168.63)"
"9/2/2025","9/2/2025","9/2/2025","","Gold Deposit Boost Payment","GDBP","","","$8.85"
"9/2/2025","9/2/2025","9/2/2025","","Cash back from Robinhood Credit Card","XENT_CC","","","$5.70"
"8/29/2025","8/29/2025","8/29/2025","","Interest Payment","INT","","","$23.91"
"8/29/2025","8/29/2025","9/2/2025","AMD","AMD
CUSIP: 007903107","Buy","0.154239","$163.14","($25.16)"
"8/29/2025","8/29/2025","9/2/2025","AMD","AMD
CUSIP: 007903107","Buy","1","$163.14","($163.14)"
"8/29/2025","8/29/2025","9/2/2025","VOO","Vanguard S&P 500 ETF
CUSIP: 922908363
Recurring","Buy","0.084394","$592.46","($50.00)"
"8/29/2025","8/29/2025","9/2/2025","SCHD","Schwab US Dividend Equity ETF
CUSIP: 808524797
Recurring","Buy","1.79148","$27.91","($50.00)"
"8/29/2025","8/29/2025","9/2/2025","QQQM","Invesco Exchange-Traded Fund Trust II Invesco NASDAQ 100 ETF
CUSIP: 46138G649
Recurring","Buy","0.213428","$234.27","($50.00)"
"8/29/2025","8/29/2025","9/2/2025","","ACH Deposit","ACH","","","$1,500.00"
"8/28/2025","8/28/2025","8/29/2025","VOO","Vanguard S&P 500 ETF
CUSIP: 922908363
Recurring","Buy","0.041944","$596.03","($25.00)"
"8/28/2025","8/28/2025","8/29/2025","SCHD","Schwab US Dividend Equity ETF
CUSIP: 808524797
Recurring","Buy","1.801269","$27.76","($50.00)"
"8/28/2025","8/28/2025","8/29/2025","QQQM","Invesco Exchange-Traded Fund Trust II Invesco NASDAQ 100 ETF
CUSIP: 46138G649
Recurring","Buy","0.105245","$237.54","($25.00)"
"8/28/2025","8/28/2025","8/29/2025","","ACH Deposit","ACH","","","$280.00"
"8/27/2025","8/27/2025","8/28/2025","VOO","Vanguard S&P 500 ETF
CUSIP: 922908363
Recurring","Buy","0.042047","$594.57","($25.00)"
"8/27/2025","8/27/2025","8/28/2025","SCHD","Schwab US Dividend Equity ETF
CUSIP: 808524797
Recurring","Buy","1.794075","$27.87","($50.00)"
"8/27/2025","8/27/2025","8/28/2025","QQQM","Invesco Exchange-Traded Fund Trust II Invesco NASDAQ 100 ETF
CUSIP: 46138G649
Recurring","Buy","0.105956","$235.94","($25.00)"
"8/26/2025","8/26/2025","8/26/2025","NVO","Sponsored ADR: Agency Processing Fee at $2.12","DFEE","","","($2.12)"
"8/26/2025","8/26/2025","8/26/2025","NVO","Cash Div: R/D 2025-08-18 P/D 2025-08-26 - 141.65774 shares at 0.58432","CDIV","","","$82.77"
"8/26/2025","8/26/2025","8/26/2025","NVO","Foreign Tax Witholding at $22.35","DTAX","","","($22.35)"
"8/26/2025","8/26/2025","8/27/2025","","ACH Deposit","ACH","","","$200.00"
"8/26/2025","8/26/2025","8/27/2025","MSFT","Microsoft
CUSIP: 594918104","Buy","0.801353","$499.16","($400.00)"
"8/26/2025","8/26/2025","8/27/2025","MSFT","Microsoft
CUSIP: 594918104","Buy","0.208747","$498.64","($104.09)"
"8/26/2025","8/26/2025","8/27/2025","VOO","Vanguard S&P 500 ETF
CUSIP: 922908363
Recurring","Buy","0.042298","$591.04","($25.00)"
"8/26/2025","8/26/2025","8/27/2025","SCHD","Schwab US Dividend Equity ETF
CUSIP: 808524797
Recurring","Buy","1.803198","$27.73","($50.00)"
"8/26/2025","8/26/2025","8/27/2025","QQQM","Invesco Exchange-Traded Fund Trust II Invesco NASDAQ 100 ETF
CUSIP: 46138G649
Recurring","Buy","0.106306","$235.17","($25.00)"
"8/25/2025","8/25/2025","8/25/2025","","Cash back from Robinhood Credit Card","XENT_CC","","","$4.09"
"8/25/2025","8/25/2025","8/26/2025","VOO","Vanguard S&P 500 ETF
CUSIP: 922908363
Recurring","Buy","0.0422","$592.41","($25.00)"
"8/25/2025","8/25/2025","8/26/2025","SCHD","Schwab US Dividend Equity ETF
CUSIP: 808524797
Recurring","Buy","1.797268","$27.82","($50.00)"
"8/25/2025","8/25/2025","8/26/2025","QQQM","Invesco Exchange-Traded Fund Trust II Invesco NASDAQ 100 ETF
CUSIP: 46138G649
Recurring","Buy","0.106082","$235.66","($25.00)"
"8/22/2025","8/22/2025","8/25/2025","VOO","Vanguard S&P 500 ETF
CUSIP: 922908363
Recurring","Buy","0.042104","$593.76","($25.00)"
"8/22/2025","8/22/2025","8/25/2025","SCHD","Schwab US Dividend Equity ETF
CUSIP: 808524797
Recurring","Buy","1.78699","$27.98","($50.00)"
"8/22/2025","8/22/2025","8/25/2025","QQQM","Invesco Exchange-Traded Fund Trust II Invesco NASDAQ 100 ETF
CUSIP: 46138G649
Recurring","Buy","0.105981","$235.89","($25.00)"
"8/22/2025","8/22/2025","8/25/2025","MSFT","Microsoft
CUSIP: 594918104","Buy","0.331608","$505.36","($167.58)"
"8/21/2025","8/21/2025","8/22/2025","VOO","Vanguard S&P 500 ETF
CUSIP: 922908363
Recurring","Buy","0.042768","$584.54","($25.00)"
"8/21/2025","8/21/2025","8/22/2025","SCHD","Schwab US Dividend Equity ETF
CUSIP: 808524797
Recurring","Buy","1.814994","$27.55","($50.00)"
"8/21/2025","8/21/2025","8/22/2025","QQQM","Invesco Exchange-Traded Fund Trust II Invesco NASDAQ 100 ETF
CUSIP: 46138G649
Recurring","Buy","0.108076","$231.32","($25.00)"
"8/20/2025","8/20/2025","8/21/2025","VOO","Vanguard S&P 500 ETF
CUSIP: 922908363
Recurring","Buy","0.04268","$585.74","($25.00)"
"8/20/2025","8/20/2025","8/21/2025","SCHD","Schwab US Dividend Equity ETF
CUSIP: 808524797
Recurring","Buy","1.81688","$27.52","($50.00)"
"8/20/2025","8/20/2025","8/21/2025","QQQM","Invesco Exchange-Traded Fund Trust II Invesco NASDAQ 100 ETF
CUSIP: 46138G649
Recurring","Buy","0.10753","$232.49","($25.00)"
"8/20/2025","8/20/2025","8/20/2025","","Gold Plan Credit","GMPC","","","$27.12"
"8/20/2025","8/20/2025","8/21/2025","","ACH Deposit","ACH","","","$1,000.00"
"8/19/2025","8/19/2025","8/19/2025","ET","Cash Div: R/D 2025-08-08 P/D 2025-08-19 - 127.458458 shares at 0.33","CDIV","","","$42.06"
"8/19/2025","8/19/2025","8/20/2025","VOO","Vanguard S&P 500 ETF
CUSIP: 922908363
Recurring","Buy","0.042514","$588.04","($25.00)"
"8/19/2025","8/19/2025","8/20/2025","SCHD","Schwab US Dividend Equity ETF
CUSIP: 808524797
Recurring","Buy","1.822994","$27.43","($50.00)"
"8/19/2025","8/19/2025","8/20/2025","QQQM","Invesco Exchange-Traded Fund Trust II Invesco NASDAQ 100 ETF
CUSIP: 46138G649
Recurring","Buy","0.106587","$234.55","($25.00)"
"8/19/2025","8/19/2025","8/20/2025","FDVV","Fidelity High Dividend ETF
CUSIP: 316092840","Sell","9","$54.62","$491.58"
"8/19/2025","8/19/2025","8/20/2025","FDVV","Fidelity High Dividend ETF
CUSIP: 316092840","Sell","0.124816","$54.64","$6.82"
"8/18/2025","8/18/2025","8/19/2025","MSFT","Microsoft
CUSIP: 594918104","Buy","0.194481","$514.19","($100.00)"
"8/18/2025","8/18/2025","8/19/2025","VOO","Vanguard S&P 500 ETF
CUSIP: 922908363
Recurring","Buy","0.042298","$591.04","($25.00)"
"8/18/2025","8/18/2025","8/19/2025","SCHD","Schwab US Dividend Equity ETF
CUSIP: 808524797
Recurring","Buy","1.830931","$27.31","($50.00)"
"8/18/2025","8/18/2025","8/19/2025","QQQM","Invesco Exchange-Traded Fund Trust II Invesco NASDAQ 100 ETF
CUSIP: 46138G649
Recurring","Buy","0.105267","$237.49","($25.00)"
"8/18/2025","8/18/2025","8/19/2025","MSFT","Microsoft
CUSIP: 594918104","Buy","0.143867","$517.28","($74.42)"
"8/15/2025","8/15/2025","8/18/2025","VOO","Vanguard S&P 500 ETF
CUSIP: 922908363
Recurring","Buy","0.042194","$592.49","($25.00)"
"8/15/2025","8/15/2025","8/18/2025","SCHD","Schwab US Dividend Equity ETF
CUSIP: 808524797
Recurring","Buy","0.911743","$27.42","($25.00)"
"8/15/2025","8/15/2025","8/18/2025","FDVV","Fidelity High Dividend ETF
CUSIP: 316092840
Recurring","Buy","0.45662","$54.75","($25.00)"
"8/15/2025","8/15/2025","8/18/2025","QQQM","Invesco Exchange-Traded Fund Trust II Invesco NASDAQ 100 ETF
CUSIP: 46138G649
Recurring","Buy","0.105125","$237.81","($25.00)"
"8/15/2025","8/15/2025","8/18/2025","ALAB","Astera Labs, Inc.
CUSIP: 04626A103","Sell","0.86783","$185.34","$160.84"
"8/15/2025","8/15/2025","8/18/2025","ALAB","Astera Labs, Inc.
CUSIP: 04626A103","Sell","24","$185.34","$4,448.04"
"8/15/2025","8/15/2025","8/18/2025","CEG","Constellation Energy
CUSIP: 21037T109","Sell","0.6162","$322.31","$198.61"
"8/15/2025","8/15/2025","8/18/2025","CEG","Constellation Energy
CUSIP: 21037T109","Sell","3","$322.31","$966.93"
"8/15/2025","8/15/2025","8/18/2025","FIG","Figma
CUSIP: 316841105","Buy","2.54307","$78.64","($200.00)"
"8/15/2025","8/15/2025","8/18/2025","","ACH Deposit","ACH","","","$1,300.00"
"8/14/2025","8/14/2025","8/15/2025","OPRA","Opera
CUSIP: 68373M107","Buy","12.97437","$15.42","($200.00)"
"8/14/2025","8/14/2025","8/15/2025","VOO","Vanguard S&P 500 ETF
CUSIP: 922908363
Recurring","Buy","0.042183","$592.65","($25.00)"
"8/14/2025","8/14/2025","8/15/2025","SCHD","Schwab US Dividend Equity ETF
CUSIP: 808524797
Recurring","Buy","0.915526","$27.31","($25.00)"
"8/14/2025","8/14/2025","8/15/2025","FDVV","Fidelity High Dividend ETF
CUSIP: 316092840
Recurring","Buy","0.457247","$54.68","($25.00)"
"8/14/2025","8/14/2025","8/15/2025","QQQM","Invesco Exchange-Traded Fund Trust II Invesco NASDAQ 100 ETF
CUSIP: 46138G649
Recurring","Buy","0.10452","$239.19","($25.00)"
"8/14/2025","8/14/2025","8/15/2025","FIG","Figma
CUSIP: 316841105","Buy","0.28238","$77.98","($22.02)"
"8/14/2025","8/14/2025","8/15/2025","FIG","Figma
CUSIP: 316841105","Buy","1","$77.98","($77.98)"
"8/14/2025","8/14/2025","8/15/2025","FIG","Figma
CUSIP: 316841105","Buy","1.23001","$81.30","($100.00)"
"8/13/2025","8/13/2025","8/14/2025","FIG","Figma
CUSIP: 316841105","Buy","3.22303","$81.60","($263.00)"
"8/13/2025","8/13/2025","8/14/2025","VOO","Vanguard S&P 500 ETF
CUSIP: 922908363
Recurring","Buy","0.042261","$591.56","($25.00)"
"8/13/2025","8/13/2025","8/14/2025","SCHD","Schwab US Dividend Equity ETF
CUSIP: 808524797
Recurring","Buy","0.91508","$27.32","($25.00)"
"8/13/2025","8/13/2025","8/14/2025","FDVV","Fidelity High Dividend ETF
CUSIP: 316092840
Recurring","Buy","0.458043","$54.58","($25.00)"
"8/13/2025","8/13/2025","8/14/2025","QQQM","Invesco Exchange-Traded Fund Trust II Invesco NASDAQ 100 ETF
CUSIP: 46138G649
Recurring","Buy","0.104738","$238.69","($25.00)"
"8/13/2025","8/13/2025","8/14/2025","BLSH","Bullish
CUSIP: G16910120
Primary Issue","Buy","1","$37.00","($37.00)"
"8/12/2025","8/12/2025","8/13/2025","VOO","Vanguard S&P 500 ETF
CUSIP: 922908363
Recurring","Buy","0.042352","$590.28","($25.00)"
"8/12/2025","8/12/2025","8/13/2025","SCHD","Schwab US Dividend Equity ETF
CUSIP: 808524797
Recurring","Buy","0.922887","$27.09","($25.00)"
"8/12/2025","8/12/2025","8/13/2025","FDVV","Fidelity High Dividend ETF
CUSIP: 316092840
Recurring","Buy","0.458463","$54.53","($25.00)"
"8/12/2025","8/12/2025","8/13/2025","QQQM","Invesco Exchange-Traded Fund Trust II Invesco NASDAQ 100 ETF
CUSIP: 46138G649
Recurring","Buy","0.104861","$238.41","($25.00)"
"8/11/2025","8/11/2025","8/12/2025","VOO","Vanguard S&P 500 ETF
CUSIP: 922908363
Recurring","Buy","0.042727","$585.10","($25.00)"
"8/11/2025","8/11/2025","8/12/2025","SCHD","Schwab US Dividend Equity ETF
CUSIP: 808524797
Recurring","Buy","0.934232","$26.76","($25.00)"
"8/11/2025","8/11/2025","8/12/2025","FDVV","Fidelity High Dividend ETF
CUSIP: 316092840
Recurring","Buy","0.462449","$54.06","($25.00)"
"8/11/2025","8/11/2025","8/12/2025","QQQM","Invesco Exchange-Traded Fund Trust II Invesco NASDAQ 100 ETF
CUSIP: 46138G649
Recurring","Buy","0.10561","$236.72","($25.00)"
"8/11/2025","8/11/2025","8/12/2025","FIG","Figma
CUSIP: 316841105","Buy","0.1675","$81.07","($13.58)"
"8/11/2025","8/11/2025","8/12/2025","FIG","Figma
CUSIP: 316841105","Buy","6","$81.07","($486.42)"
"8/11/2025","8/11/2025","8/12/2025","FIG","Figma
CUSIP: 316841105","Buy","2.14486","$78.35","($168.05)"
"8/8/2025","8/8/2025","8/8/2025","GD","Cash Div: R/D 2025-07-03 P/D 2025-08-08 - 11.68256 shares at 1.5","CDIV","","","$17.52"
"8/8/2025","8/8/2025","8/11/2025","VOO","Vanguard S&P 500 ETF
CUSIP: 922908363
Recurring","Buy","0.042651","$586.14","($25.00)"
"8/8/2025","8/8/2025","8/11/2025","SCHD","Schwab US Dividend Equity ETF
CUSIP: 808524797
Recurring","Buy","0.929095","$26.91","($25.00)"
"8/8/2025","8/8/2025","8/11/2025","FDVV","Fidelity High Dividend ETF
CUSIP: 316092840
Recurring","Buy","0.460999","$54.23","($25.00)"
"8/8/2025","8/8/2025","8/11/2025","QQQM","Invesco Exchange-Traded Fund Trust II Invesco NASDAQ 100 ETF
CUSIP: 46138G649
Recurring","Buy","0.105856","$236.17","($25.00)"
"8/8/2025","8/8/2025","8/11/2025","WMT","Walmart
CUSIP: 931142103","Sell","0.58998","$104.67","$61.75"
"8/8/2025","8/8/2025","8/11/2025","WMT","Walmart
CUSIP: 931142103","Sell","19","$104.67","$1,988.78"
"8/7/2025","8/7/2025","8/8/2025","FIG","Figma
CUSIP: 316841105","Buy","2.55738","$78.20","($200.00)"
"8/7/2025","8/7/2025","8/8/2025","MSFT","Microsoft
CUSIP: 594918104","Buy","0.38513","$519.53","($200.09)"
"8/7/2025","8/7/2025","8/8/2025","VOO","Vanguard S&P 500 ETF
CUSIP: 922908363
Recurring","Buy","0.043126","$579.69","($25.00)"
"8/7/2025","8/7/2025","8/8/2025","SCHD","Schwab US Dividend Equity ETF
CUSIP: 808524797
Recurring","Buy","0.933881","$26.77","($25.00)"
"8/7/2025","8/7/2025","8/8/2025","FDVV","Fidelity High Dividend ETF
CUSIP: 316092840
Recurring","Buy","0.46464","$53.80","($25.00)"
"8/7/2025","8/7/2025","8/8/2025","QQQM","Invesco Exchange-Traded Fund Trust II Invesco NASDAQ 100 ETF
CUSIP: 46138G649
Recurring","Buy","0.107187","$233.24","($25.00)"
"8/7/2025","8/7/2025","8/7/2025","OPRA","Stock Lending","SLIP","","","$0.01"
"8/7/2025","8/7/2025","8/7/2025","VICI","Stock Lending","SLIP","","","$0.01"
"8/7/2025","8/7/2025","8/7/2025","SCHD","Stock Lending","SLIP","","","$0.01"
"8/7/2025","8/7/2025","8/7/2025","CEG","Stock Lending","SLIP","","","$0.01"
"8/7/2025","8/7/2025","8/7/2025","QQQM","Stock Lending","SLIP","","","$0.01"
"8/7/2025","8/7/2025","8/7/2025","NVO","Stock Lending","SLIP","","","$0.01"
"8/7/2025","8/7/2025","8/7/2025","FDVV","Stock Lending","SLIP","","","$0.01"
"8/7/2025","8/7/2025","8/7/2025","ALAB","Stock Lending","SLIP","","","$0.01"
"8/7/2025","8/7/2025","8/7/2025","ASTS","Stock Lending","SLIP","","","$0.01"
"8/7/2025","8/7/2025","8/8/2025","MSFT","Microsoft
CUSIP: 594918104","Buy","0.38064","$525.42","($200.00)"
"8/7/2025","8/7/2025","8/8/2025","FIG","Figma
CUSIP: 316841105","Buy","2.34824","$85.17","($200.00)"
"8/6/2025","8/6/2025","8/7/2025","VOO","Vanguard S&P 500 ETF
CUSIP: 922908363
Recurring","Buy","0.042961","$581.92","($25.00)"
"8/6/2025","8/6/2025","8/7/2025","SCHD","Schwab US Dividend Equity ETF
CUSIP: 808524797
Recurring","Buy","0.936329","$26.70","($25.00)"
"8/6/2025","8/6/2025","8/7/2025","FDVV","Fidelity High Dividend ETF
CUSIP: 316092840
Recurring","Buy","0.46464","$53.80","($25.00)"
"8/6/2025","8/6/2025","8/7/2025","QQQM","Invesco Exchange-Traded Fund Trust II Invesco NASDAQ 100 ETF
CUSIP: 46138G649
Recurring","Buy","0.107277","$233.04","($25.00)"
"8/6/2025","8/6/2025","8/7/2025","","ACH Deposit","ACH","","","$2,000.00"
"8/5/2025","8/5/2025","8/6/2025","FIG","Figma
CUSIP: 316841105","Buy","0.20683","$80.56","($16.66)"
"8/5/2025","8/5/2025","8/6/2025","FIG","Figma
CUSIP: 316841105","Buy","6","$80.56","($483.34)"
"8/5/2025","8/5/2025","8/6/2025","VOO","Vanguard S&P 500 ETF
CUSIP: 922908363
Recurring","Buy","0.043165","$579.17","($25.00)"
"8/5/2025","8/5/2025","8/6/2025","NVO","Novo Nordisk
CUSIP: 670100205","Buy","10.42535","$47.96","($500.00)"
"8/5/2025","8/5/2025","8/6/2025","SCHD","Schwab US Dividend Equity ETF
CUSIP: 808524797
Recurring","Buy","0.937382","$26.67","($25.00)"
"8/5/2025","8/5/2025","8/6/2025","FDVV","Fidelity High Dividend ETF
CUSIP: 316092840
Recurring","Buy","0.466548","$53.58","($25.00)"
"8/5/2025","8/5/2025","8/6/2025","QQQM","Invesco Exchange-Traded Fund Trust II Invesco NASDAQ 100 ETF
CUSIP: 46138G649
Recurring","Buy","0.108061","$231.35","($25.00)"
"8/5/2025","8/5/2025","8/6/2025","MSFT","Microsoft
CUSIP: 594918104","Buy","0.75143","$532.32","($400.00)"
"8/5/2025","8/5/2025","8/6/2025","META","Meta Platforms
CUSIP: 30303M102","Buy","0.64431","$776.02","($500.00)"
"8/5/2025","8/5/2025","8/6/2025","MSFT","Microsoft
CUSIP: 594918104","Buy","1.86586","$535.94","($1,000.00)"
"8/5/2025","8/5/2025","8/6/2025","FIG","Figma
CUSIP: 316841105","Buy","5.41184","$92.39","($500.00)"
"8/4/2025","8/4/2025","8/5/2025","VOO","Vanguard S&P 500 ETF
CUSIP: 922908363
Recurring","Buy","0.04318","$578.97","($25.00)"
"8/4/2025","8/4/2025","8/5/2025","SCHD","Schwab US Dividend Equity ETF
CUSIP: 808524797
Recurring","Buy","0.943449","$26.50","($25.00)"
"8/4/2025","8/4/2025","8/5/2025","FDVV","Fidelity High Dividend ETF
CUSIP: 316092840
Recurring","Buy","0.466374","$53.60","($25.00)"
"8/4/2025","8/4/2025","8/5/2025","QQQM","Invesco Exchange-Traded Fund Trust II Invesco NASDAQ 100 ETF
CUSIP: 46138G649
Recurring","Buy","0.107758","$232.00","($25.00)"
"8/4/2025","8/4/2025","8/5/2025","FIG","Figma
CUSIP: 316841105","Buy","0.11338","$94.64","($10.73)"
"8/4/2025","8/4/2025","8/5/2025","FIG","Figma
CUSIP: 316841105","Buy","2","$94.64","($189.27)"
"8/4/2025","8/4/2025","8/5/2025","FIG","Figma
CUSIP: 316841105","Buy","1.64319","$103.62","($170.26)"
"8/4/2025","8/4/2025","8/5/2025","NVO","Novo Nordisk
CUSIP: 670100205","Buy","19","$49.25","($935.75)"
"8/1/2025","8/1/2025","8/1/2025","DELL","Cash Div: R/D 2025-07-22 P/D 2025-08-01 - 11.440443 shares at 0.525","CDIV","","","$6.01"
"8/1/2025","8/1/2025","8/4/2025","VOO","Vanguard S&P 500 ETF
CUSIP: 922908363
Recurring","Buy","0.043846","$570.17","($25.00)"
"8/1/2025","8/1/2025","8/4/2025","SCHD","Schwab US Dividend Equity ETF
CUSIP: 808524797
Recurring","Buy","0.948098","$26.37","($25.00)"
"8/1/2025","8/1/2025","8/4/2025","FDVV","Fidelity High Dividend ETF
CUSIP: 316092840
Recurring","Buy","0.472366","$52.92","($25.00)"
"8/1/2025","8/1/2025","8/4/2025","QQQM","Invesco Exchange-Traded Fund Trust II Invesco NASDAQ 100 ETF
CUSIP: 46138G649
Recurring","Buy","0.109668","$227.96","($25.00)"
"8/1/2025","8/1/2025","8/4/2025","FIG","Figma
CUSIP: 316841105","Buy","0.58233","$126.40","($73.60)"
"8/1/2025","8/1/2025","8/4/2025","FIG","Figma
CUSIP: 316841105","Buy","1","$126.40","($126.40)"
"8/1/2025","8/1/2025","8/4/2025","","ACH Deposit","ACH","","","$1,200.00"
"8/1/2025","8/1/2025","8/4/2025","NVO","Novo Nordisk
CUSIP: 670100205","Buy","2.00598","$48.48","($97.26)"
"7/31/2025","7/31/2025","7/31/2025","","Interest Payment","INT","","","$30.11"
"7/31/2025","7/31/2025","7/31/2025","","Gold Deposit Boost Payment","GDBP","","","$8.85"
"7/31/2025","7/31/2025","8/1/2025","FIG","Figma
CUSIP: 316841105","Buy","32","$108.70","($3,478.40)"
"7/31/2025","7/31/2025","8/1/2025","VOO","Vanguard S&P 500 ETF
CUSIP: 922908363
Recurring","Buy","0.04293","$582.33","($25.00)"
"7/31/2025","7/31/2025","8/1/2025","SCHD","Schwab US Dividend Equity ETF
CUSIP: 808524797
Recurring","Buy","0.939521","$26.61","($25.00)"
"7/31/2025","7/31/2025","8/1/2025","FDVV","Fidelity High Dividend ETF
CUSIP: 316092840
Recurring","Buy","0.465679","$53.68","($25.00)"
"7/31/2025","7/31/2025","8/1/2025","QQQM","Invesco Exchange-Traded Fund Trust II Invesco NASDAQ 100 ETF
CUSIP: 46138G649
Recurring","Buy","0.107144","$233.33","($25.00)"
"7/31/2025","7/31/2025","8/1/2025","FIG","Figma
CUSIP: 316841105","Buy","1","$33.00","($33.00)"
"7/30/2025","7/30/2025","7/31/2025","VOO","Vanguard S&P 500 ETF
CUSIP: 922908363
Recurring","Buy","0.04271","$585.33","($25.00)"
"7/30/2025","7/30/2025","7/31/2025","SCHD","Schwab US Dividend Equity ETF
CUSIP: 808524797
Recurring","Buy","0.92319","$27.08","($25.00)"
"7/30/2025","7/30/2025","7/31/2025","FDVV","Fidelity High Dividend ETF
CUSIP: 316092840
Recurring","Buy","0.461382","$54.18","($25.00)"
"7/30/2025","7/30/2025","7/31/2025","QQQM","Invesco Exchange-Traded Fund Trust II Invesco NASDAQ 100 ETF
CUSIP: 46138G649
Recurring","Buy","0.106714","$234.27","($25.00)"
"7/29/2025","7/29/2025","7/30/2025","VOO","Vanguard S&P 500 ETF
CUSIP: 922908363
Recurring","Buy","0.042796","$584.16","($25.00)"
"7/29/2025","7/29/2025","7/30/2025","SCHD","Schwab US Dividend Equity ETF
CUSIP: 808524797
Recurring","Buy","0.92319","$27.08","($25.00)"
"7/29/2025","7/29/2025","7/30/2025","FDVV","Fidelity High Dividend ETF
CUSIP: 316092840
Recurring","Buy","0.463263","$53.96","($25.00)"
"7/29/2025","7/29/2025","7/30/2025","QQQM","Invesco Exchange-Traded Fund Trust II Invesco NASDAQ 100 ETF
CUSIP: 46138G649
Recurring","Buy","0.106805","$234.07","($25.00)"
"7/29/2025","7/29/2025","7/30/2025","NVO","Novo Nordisk
CUSIP: 670100205","Buy","3","$54.10","($162.30)"
"7/28/2025","7/28/2025","7/29/2025","VOO","Vanguard S&P 500 ETF
CUSIP: 922908363
Recurring","Buy","0.042773","$584.48","($25.00)"
"7/28/2025","7/28/2025","7/29/2025","SCHD","Schwab US Dividend Equity ETF
CUSIP: 808524797
Recurring","Buy","0.918105","$27.23","($25.00)"
"7/28/2025","7/28/2025","7/29/2025","FDVV","Fidelity High Dividend ETF
CUSIP: 316092840
Recurring","Buy","0.463434","$53.94","($25.00)"
"7/28/2025","7/28/2025","7/29/2025","QQQM","Invesco Exchange-Traded Fund Trust II Invesco NASDAQ 100 ETF
CUSIP: 46138G649
Recurring","Buy","0.106924","$233.81","($25.00)"
"7/28/2025","7/28/2025","7/29/2025","NVO","Novo Nordisk
CUSIP: 670100205","Buy","0.56244","$70.20","($39.48)"
"7/28/2025","7/28/2025","7/29/2025","NVO","Novo Nordisk
CUSIP: 670100205","Buy","1","$70.20","($70.20)"
"7/28/2025","7/28/2025","7/29/2025","DELL","Dell
CUSIP: 24703L202","Sell","11","$131.96","$1,451.56"
"7/28/2025","7/28/2025","7/29/2025","DELL","Dell
CUSIP: 24703L202","Sell","0.440443","$131.96","$58.12"
"7/25/2025","7/25/2025","7/28/2025","VOO","Vanguard S&P 500 ETF
CUSIP: 922908363
Recurring","Buy","0.042686","$585.67","($25.00)"
"7/25/2025","7/25/2025","7/28/2025","SCHD","Schwab US Dividend Equity ETF
CUSIP: 808524797
Recurring","Buy","0.916436","$27.28","($25.00)"
"7/25/2025","7/25/2025","7/28/2025","FDVV","Fidelity High Dividend ETF
CUSIP: 316092840
Recurring","Buy","0.461808","$54.14","($25.00)"
"7/25/2025","7/25/2025","7/28/2025","QQQM","Invesco Exchange-Traded Fund Trust II Invesco NASDAQ 100 ETF
CUSIP: 46138G649
Recurring","Buy","0.10708","$233.47","($25.00)"
"7/24/2025","7/24/2025","7/25/2025","FDVV","Fidelity High Dividend ETF
CUSIP: 316092840","Buy","0.25837","$54.04","($13.96)"
"7/24/2025","7/24/2025","7/25/2025","FDVV","Fidelity High Dividend ETF
CUSIP: 316092840","Buy","1","$54.04","($54.04)"
"7/24/2025","7/24/2025","7/25/2025","VOO","Vanguard S&P 500 ETF
CUSIP: 922908363
Recurring","Buy","0.042814","$583.92","($25.00)"
"7/24/2025","7/24/2025","7/25/2025","SCHD","Schwab US Dividend Equity ETF
CUSIP: 808524797
Recurring","Buy","0.916113","$27.29","($25.00)"
"7/24/2025","7/24/2025","7/25/2025","FDVV","Fidelity High Dividend ETF
CUSIP: 316092840
Recurring","Buy","0.462491","$54.06","($25.00)"
"7/24/2025","7/24/2025","7/25/2025","QQQM","Invesco Exchange-Traded Fund Trust II Invesco NASDAQ 100 ETF
CUSIP: 46138G649
Recurring","Buy","0.107374","$232.83","($25.00)"
"7/23/2025","7/23/2025","7/24/2025","VOO","Vanguard S&P 500 ETF
CUSIP: 922908363
Recurring","Buy","0.042996","$581.44","($25.00)"
"7/23/2025","7/23/2025","7/24/2025","SCHD","Schwab US Dividend Equity ETF
CUSIP: 808524797
Recurring","Buy","1.824817","$27.40","($50.00)"
"7/23/2025","7/23/2025","7/24/2025","QQQM","Invesco Exchange-Traded Fund Trust II Invesco NASDAQ 100 ETF
CUSIP: 46138G649
Recurring","Buy","0.108117","$231.23","($25.00)"
"7/23/2025","7/23/2025","7/24/2025","","ACH Deposit","ACH","","","$1,500.00"
"7/22/2025","7/22/2025","7/23/2025","VOO","Vanguard S&P 500 ETF
CUSIP: 922908363
Recurring","Buy","0.043267","$577.80","($25.00)"
"7/22/2025","7/22/2025","7/23/2025","SCHD","Schwab US Dividend Equity ETF
CUSIP: 808524797
Recurring","Buy","1.838235","$27.20","($50.00)"
"7/22/2025","7/22/2025","7/23/2025","QQQM","Invesco Exchange-Traded Fund Trust II Invesco NASDAQ 100 ETF
CUSIP: 46138G649
Recurring","Buy","0.108118","$231.23","($25.00)"
"7/21/2025","7/21/2025","7/22/2025","VOO","Vanguard S&P 500 ETF
CUSIP: 922908363
Recurring","Buy","0.04309","$580.17","($25.00)"
"7/21/2025","7/21/2025","7/22/2025","MRK","Merck
CUSIP: 58933Y105","Buy","0.22468","$79.40","($17.84)"
"7/21/2025","7/21/2025","7/22/2025","MRK","Merck
CUSIP: 58933Y105","Buy","1","$79.40","($79.40)"
"7/21/2025","7/21/2025","7/22/2025","SCHD","Schwab US Dividend Equity ETF
CUSIP: 808524797
Recurring","Buy","1.847063","$27.07","($50.00)"
"7/21/2025","7/21/2025","7/22/2025","QQQM","Invesco Exchange-Traded Fund Trust II Invesco NASDAQ 100 ETF
CUSIP: 46138G649
Recurring","Buy","0.107296","$233.00","($25.00)"
"7/18/2025","7/18/2025","7/18/2025","OPRA","ADR Fee: R/D 2025-06-05 P/D 2025-07-18 - 137.962094 shares at 0.02","AFEE","","","($2.76)"
"7/18/2025","7/18/2025","7/21/2025","VOO","Vanguard S&P 500 ETF
CUSIP: 922908363
Recurring","Buy","0.043357","$576.60","($25.00)"
"7/18/2025","7/18/2025","7/21/2025","SCHD","Schwab US Dividend Equity ETF
CUSIP: 808524797
Recurring","Buy","1.851351","$27.01","($50.00)"
"7/18/2025","7/18/2025","7/21/2025","QQQM","Invesco Exchange-Traded Fund Trust II Invesco NASDAQ 100 ETF
CUSIP: 46138G649
Recurring","Buy","0.108225","$231.00","($25.00)"
"7/18/2025","7/18/2025","7/21/2025","NVO","Novo Nordisk
CUSIP: 670100205","Buy","0.77424","$64.58","($50.00)"
"7/18/2025","7/18/2025","7/21/2025","","ACH Deposit","ACH","","","$1,000.00"
"7/17/2025","7/17/2025","7/18/2025","VOO","Vanguard S&P 500 ETF
CUSIP: 922908363
Recurring","Buy","0.043345","$576.76","($25.00)"
"7/17/2025","7/17/2025","7/18/2025","SCHD","Schwab US Dividend Equity ETF
CUSIP: 808524797
Recurring","Buy","1.847745","$27.06","($50.00)"
"7/17/2025","7/17/2025","7/18/2025","QQQM","Invesco Exchange-Traded Fund Trust II Invesco NASDAQ 100 ETF
CUSIP: 46138G649
Recurring","Buy","0.108122","$231.22","($25.00)"
"7/17/2025","7/17/2025","7/18/2025","NVO","Novo Nordisk
CUSIP: 670100205","Buy","0.75831","$65.98","($50.03)"
"7/17/2025","7/17/2025","7/18/2025","NVO","Novo Nordisk
CUSIP: 670100205","Buy","0.90624","$66.13","($59.93)"
"7/17/2025","7/17/2025","7/18/2025","NVO","Novo Nordisk
CUSIP: 670100205","Buy","1","$66.13","($66.13)"
"7/17/2025","7/17/2025","7/18/2025","UNH","UnitedHealth
CUSIP: 91324P102","Buy","3","$292.57","($877.71)"
"7/16/2025","7/16/2025","7/17/2025","VOO","Vanguard S&P 500 ETF
CUSIP: 922908363
Recurring","Buy","0.043646","$572.78","($25.00)"
"7/16/2025","7/16/2025","7/17/2025","SCHD","Schwab US Dividend Equity ETF
CUSIP: 808524797
Recurring","Buy","1.858135","$26.91","($50.00)"
"7/16/2025","7/16/2025","7/17/2025","QQQM","Invesco Exchange-Traded Fund Trust II Invesco NASDAQ 100 ETF
CUSIP: 46138G649
Recurring","Buy","0.109137","$229.07","($25.00)"
"7/15/2025","7/15/2025","7/15/2025","OPRA","Cash Div: R/D 2025-07-08 P/D 2025-07-15 - 137.962094 shares at 0.4","CDIV","","","$55.18"
"7/15/2025","7/15/2025","7/15/2025","OPRA","Sponsored ADR: Agency Processing Fee at $1.38","DFEE","","","($1.38)"
"7/15/2025","7/15/2025","7/16/2025","NVO","Novo Nordisk
CUSIP: 670100205","Buy","0.71152","$67.36","($47.93)"
"7/15/2025","7/15/2025","7/16/2025","NVO","Novo Nordisk
CUSIP: 670100205","Buy","3","$67.36","($202.07)"
"7/15/2025","7/15/2025","7/16/2025","SCHD","Schwab US Dividend Equity ETF
CUSIP: 808524797","Buy","0.6145","$26.96","($16.57)"
"7/15/2025","7/15/2025","7/16/2025","SCHD","Schwab US Dividend Equity ETF
CUSIP: 808524797","Buy","4","$26.96","($107.86)"
"7/15/2025","7/15/2025","7/16/2025","VOO","Vanguard S&P 500 ETF
CUSIP: 922908363
Recurring","Buy","0.04354","$574.18","($25.00)"
"7/15/2025","7/15/2025","7/16/2025","SCHD","Schwab US Dividend Equity ETF
CUSIP: 808524797
Recurring","Buy","1.857424","$26.92","($50.00)"
"7/15/2025","7/15/2025","7/16/2025","QQQM","Invesco Exchange-Traded Fund Trust II Invesco NASDAQ 100 ETF
CUSIP: 46138G649
Recurring","Buy","0.108767","$229.85","($25.00)"
"7/14/2025","7/14/2025","7/15/2025","VOO","Vanguard S&P 500 ETF
CUSIP: 922908363
Recurring","Buy","0.043522","$574.42","($25.00)"
"7/14/2025","7/14/2025","7/15/2025","SCHD","Schwab US Dividend Equity ETF
CUSIP: 808524797
Recurring","Buy","1.834296","$27.26","($50.00)"
"7/14/2025","7/14/2025","7/15/2025","MCD","McDonald's
CUSIP: 580135101","Sell","2.739726","$300.92","$824.43"
"7/14/2025","7/14/2025","7/15/2025","QQQM","Invesco Exchange-Traded Fund Trust II Invesco NASDAQ 100 ETF
CUSIP: 46138G649
Recurring","Buy","0.109079","$229.19","($25.00)"
"7/14/2025","7/14/2025","7/15/2025","ALAB","Astera Labs, Inc.
CUSIP: 04626A103","Buy","3.35008","$89.55","($300.00)"
"7/11/2025","7/11/2025","7/14/2025","NVO","Novo Nordisk
CUSIP: 670100205","Buy","0.75473","$68.78","($51.91)"
"7/11/2025","7/11/2025","7/14/2025","VOO","Vanguard S&P 500 ETF
CUSIP: 922908363
Recurring","Buy","0.043544","$574.13","($25.00)"
"7/11/2025","7/11/2025","7/14/2025","SCHD","Schwab US Dividend Equity ETF
CUSIP: 808524797
Recurring","Buy","1.828827","$27.34","($50.00)"
"7/11/2025","7/11/2025","7/14/2025","QQQM","Invesco Exchange-Traded Fund Trust II Invesco NASDAQ 100 ETF
CUSIP: 46138G649
Recurring","Buy","0.109376","$228.57","($25.00)"
"7/10/2025","7/10/2025","7/10/2025","CRM","Cash Div: R/D 2025-06-18 P/D 2025-07-10 - 5.55997 shares at 0.416","CDIV","","","$2.31"
"7/10/2025","7/10/2025","7/10/2025","VICI","Cash Div: R/D 2025-06-18 P/D 2025-07-10 - 44.194419 shares at 0.4325","CDIV","","","$19.11"
"7/10/2025","7/10/2025","7/11/2025","VOO","Vanguard S&P 500 ETF
CUSIP: 922908363
Recurring","Buy","0.043405","$575.96","($25.00)"
"7/10/2025","7/10/2025","7/11/2025","SCHD","Schwab US Dividend Equity ETF
CUSIP: 808524797
Recurring","Buy","1.813565","$27.57","($50.00)"
"7/10/2025","7/10/2025","7/11/2025","QQQM","Invesco Exchange-Traded Fund Trust II Invesco NASDAQ 100 ETF
CUSIP: 46138G649
Recurring","Buy","0.109294","$228.74","($25.00)"
"7/9/2025","7/9/2025","7/10/2025","VOO","Vanguard S&P 500 ETF
CUSIP: 922908363
Recurring","Buy","0.043674","$572.41","($25.00)"
"7/9/2025","7/9/2025","7/10/2025","SCHD","Schwab US Dividend Equity ETF
CUSIP: 808524797
Recurring","Buy","1.836264","$27.23","($50.00)"
"7/9/2025","7/9/2025","7/10/2025","QQQM","Invesco Exchange-Traded Fund Trust II Invesco NASDAQ 100 ETF
CUSIP: 46138G649
Recurring","Buy","0.109505","$228.30","($25.00)"
"7/9/2025","7/9/2025","7/10/2025","","ACH Deposit","ACH","","","$1,200.00"
"7/8/2025","7/8/2025","7/8/2025","MRK","Cash Div: R/D 2025-06-16 P/D 2025-07-08 - 37.40413 shares at 0.81","CDIV","","","$30.30"
"7/8/2025","7/8/2025","7/9/2025","VOO","Vanguard S&P 500 ETF
CUSIP: 922908363
Recurring","Buy","0.043797","$570.81","($25.00)"
"7/8/2025","7/8/2025","7/9/2025","SCHD","Schwab US Dividend Equity ETF
CUSIP: 808524797
Recurring","Buy","1.829491","$27.33","($50.00)"
"7/8/2025","7/8/2025","7/9/2025","QQQM","Invesco Exchange-Traded Fund Trust II Invesco NASDAQ 100 ETF
CUSIP: 46138G649
Recurring","Buy","0.109895","$227.49","($25.00)"
"7/8/2025","7/8/2025","7/8/2025","NVO","Stock Lending","SLIP","","","$0.01"
"7/8/2025","7/8/2025","7/8/2025","VICI","Stock Lending","SLIP","","","$0.01"
"7/8/2025","7/8/2025","7/8/2025","SCHD","Stock Lending","SLIP","","","$0.01"
"7/8/2025","7/8/2025","7/8/2025","QQQM","Stock Lending","SLIP","","","$0.01"
"7/8/2025","7/8/2025","7/8/2025","ASTS","Stock Lending","SLIP","","","$0.14"
"7/8/2025","7/8/2025","7/8/2025","CEG","Stock Lending","SLIP","","","$0.01"
"7/7/2025","7/7/2025","7/8/2025","VOO","Vanguard S&P 500 ETF
CUSIP: 922908363
Recurring","Buy","0.043945","$568.89","($25.00)"
"7/7/2025","7/7/2025","7/8/2025","SCHD","Schwab US Dividend Equity ETF
CUSIP: 808524797
Recurring","Buy","1.857513","$26.92","($50.00)"
"7/7/2025","7/7/2025","7/8/2025","QQQM","Invesco Exchange-Traded Fund Trust II Invesco NASDAQ 100 ETF
CUSIP: 46138G649
Recurring","Buy","0.110098","$227.07","($25.00)"
"7/7/2025","7/7/2025","7/8/2025","SCHD","Schwab US Dividend Equity ETF
CUSIP: 808524797","Buy","0.85055","$27.02","($22.98)"
"7/7/2025","7/7/2025","7/8/2025","SCHD","Schwab US Dividend Equity ETF
CUSIP: 808524797","Buy","1","$27.02","($27.02)"
"7/7/2025","7/7/2025","7/8/2025","SCHD","Schwab US Dividend Equity ETF
CUSIP: 808524797","Buy","0.85422","$27.08","($23.13)"
"7/7/2025","7/7/2025","7/8/2025","SCHD","Schwab US Dividend Equity ETF
CUSIP: 808524797","Buy","1","$27.08","($27.08)"
"7/3/2025","7/3/2025","7/3/2025","NVDA","Cash Div: R/D 2025-06-11 P/D 2025-07-03 - 21.49993 shares at 0.01","CDIV","","","$0.21"
"7/3/2025","7/3/2025","7/7/2025","VOO","Vanguard S&P 500 ETF
CUSIP: 922908363
Recurring","Buy","0.043446","$575.42","($25.00)"
"7/3/2025","7/3/2025","7/7/2025","SCHD","Schwab US Dividend Equity ETF
CUSIP: 808524797
Recurring","Buy","1.828157","$27.35","($50.00)"
"7/3/2025","7/3/2025","7/7/2025","QQQM","Invesco Exchange-Traded Fund Trust II Invesco NASDAQ 100 ETF
CUSIP: 46138G649
Recurring","Buy","0.109113","$229.12","($25.00)"
"7/3/2025","7/3/2025","7/7/2025","VOO","Vanguard S&P 500 ETF
CUSIP: 922908363
Dividend Reinvestment","Buy","0.018182","$574.72","($10.45)"
"7/3/2025","7/3/2025","7/7/2025","","ACH Deposit","ACH","","","$1,000.00"
"7/2/2025","7/2/2025","7/2/2025","VOO","Cash Div: R/D 2025-06-30 P/D 2025-07-02 - 5.989951 shares at 1.7447","CDIV","","","$10.45"
"7/2/2025","7/2/2025","7/3/2025","VOO","Vanguard S&P 500 ETF
CUSIP: 922908363
Recurring","Buy","0.043897","$569.50","($25.00)"
"7/2/2025","7/2/2025","7/3/2025","SCHD","Schwab US Dividend Equity ETF
CUSIP: 808524797
Recurring","Buy","1.836236","$27.23","($50.00)"
"7/2/2025","7/2/2025","7/3/2025","QQQM","Invesco Exchange-Traded Fund Trust II Invesco NASDAQ 100 ETF
CUSIP: 46138G649
Recurring","Buy","0.110375","$226.50","($25.00)"
"7/1/2025","7/1/2025","7/2/2025","VOO","Vanguard S&P 500 ETF
CUSIP: 922908363
Recurring","Buy","0.044017","$567.95","($25.00)"
"7/1/2025","7/1/2025","7/2/2025","SCHD","Schwab US Dividend Equity ETF
CUSIP: 808524797
Recurring","Buy","1.846381","$27.08","($50.00)"
"7/1/2025","7/1/2025","7/2/2025","SPMO","Invesco S&P 500 Momentum ETF
CUSIP: 46138E339","Buy","0.19326","$110.99","($21.45)"
"7/1/2025","7/1/2025","7/2/2025","SPMO","Invesco S&P 500 Momentum ETF
CUSIP: 46138E339
Recurring","Buy","0.090122","$110.96","($10.00)"
"7/1/2025","7/1/2025","7/2/2025","QQQM","Invesco Exchange-Traded Fund Trust II Invesco NASDAQ 100 ETF
CUSIP: 46138G649
Recurring","Buy","0.110904","$225.42","($25.00)"
"7/1/2025","7/1/2025","7/2/2025","SCHD","Schwab US Dividend Equity ETF
CUSIP: 808524797
Dividend Reinvestment","Buy","2.453646","$26.79","($65.73)"
"7/1/2025","7/1/2025","7/1/2025","","Gold Deposit Boost Payment","GDBP","","","$8.86"
"6/30/2025","6/30/2025","6/30/2025","","Interest Payment","INT","","","$13.51"
"6/30/2025","6/30/2025","6/30/2025","AVGO","Cash Div: R/D 2025-06-20 P/D 2025-06-30 - 15.38796 shares at 0.59","CDIV","","","$9.08"
"6/30/2025","6/30/2025","6/30/2025","SCHD","Cash Div: R/D 2025-06-25 P/D 2025-06-30 - 252.60828 shares at 0.2602","CDIV","","","$65.73"
"6/30/2025","6/30/2025","7/1/2025","NVO","Novo Nordisk
CUSIP: 670100205","Buy","0.90284","$68.90","($62.20)"
"6/30/2025","6/30/2025","7/1/2025","NVO","Novo Nordisk
CUSIP: 670100205","Buy","2","$68.90","($137.80)"
"6/30/2025","6/30/2025","7/1/2025","VOO","Vanguard S&P 500 ETF
CUSIP: 922908363
Recurring","Buy","0.044137","$566.41","($25.00)"
"6/30/2025","6/30/2025","7/1/2025","SCHD","Schwab US Dividend Equity ETF
CUSIP: 808524797
Recurring","Buy","1.890545","$26.45","($50.00)"
"6/30/2025","6/30/2025","7/1/2025","QQQM","Invesco Exchange-Traded Fund Trust II Invesco NASDAQ 100 ETF
CUSIP: 46138G649
Recurring","Buy","0.110394","$226.46","($25.00)"
"6/30/2025","6/30/2025","7/1/2025","QQQM","Invesco Exchange-Traded Fund Trust II Invesco NASDAQ 100 ETF
CUSIP: 46138G649
Dividend Reinvestment","Buy","0.020451","$226.39","($4.63)"
"6/27/2025","6/27/2025","6/27/2025","QQQM","Cash Div: R/D 2025-06-23 P/D 2025-06-27 - 14.64032 shares at 0.3161","CDIV","","","$4.63"
"6/27/2025","6/27/2025","7/1/2025","","ACH Deposit","ACH","","","$500.00"
"6/27/2025","6/27/2025","6/30/2025","VOO","Vanguard S&P 500 ETF
CUSIP: 922908363
Recurring","Buy","0.044121","$566.62","($25.00)"
"6/27/2025","6/27/2025","6/30/2025","SCHD","Schwab US Dividend Equity ETF
CUSIP: 808524797
Recurring","Buy","1.889851","$26.46","($50.00)"
"6/27/2025","6/27/2025","6/30/2025","QQQM","Invesco Exchange-Traded Fund Trust II Invesco NASDAQ 100 ETF
CUSIP: 46138G649
Recurring","Buy","0.110649","$225.94","($25.00)"
"6/27/2025","6/27/2025","6/30/2025","META","Meta Platforms
CUSIP: 30303M102
Dividend Reinvestment","Buy","0.002994","$731.32","($2.19)"
"6/26/2025","6/26/2025","6/26/2025","META","Cash Div: R/D 2025-06-16 P/D 2025-06-26 - 4.17233 shares at 0.525","CDIV","","","$2.19"
"6/26/2025","6/26/2025","6/27/2025","VOO","Vanguard S&P 500 ETF
CUSIP: 922908363
Recurring","Buy","0.044345","$563.75","($25.00)"
"6/26/2025","6/26/2025","6/27/2025","SCHD","Schwab US Dividend Equity ETF
CUSIP: 808524797
Recurring","Buy","1.896813","$26.36","($50.00)"
"6/26/2025","6/26/2025","6/27/2025","QQQM","Invesco Exchange-Traded Fund Trust II Invesco NASDAQ 100 ETF
CUSIP: 46138G649
Recurring","Buy","0.111358","$224.50","($25.00)"
"6/25/2025","6/25/2025","6/26/2025","","ACH Deposit","ACH","","","$1,000.00"
"6/25/2025","6/25/2025","6/26/2025","VOO","Vanguard S&P 500 ETF
CUSIP: 922908363
Recurring","Buy","0.044737","$558.82","($25.00)"
"6/25/2025","6/25/2025","6/26/2025","SCHD","Schwab US Dividend Equity ETF
CUSIP: 808524797
Recurring","Buy","1.908396","$26.20","($50.00)"
"6/25/2025","6/25/2025","6/26/2025","QQQM","Invesco Exchange-Traded Fund Trust II Invesco NASDAQ 100 ETF
CUSIP: 46138G649
Recurring","Buy","0.112326","$222.57","($25.00)"
"6/25/2025","6/25/2025","6/26/2025","NVO","Novo Nordisk
CUSIP: 670100205","Buy","1.47863","$67.63","($100.00)"
"6/25/2025","6/25/2025","6/26/2025","UNH","UnitedHealth
CUSIP: 91324P102
Dividend Reinvestment","Buy","0.091309","$301.28","($27.51)"
"6/25/2025","6/25/2025","6/26/2025","SCHD","Schwab US Dividend Equity ETF
CUSIP: 808524797","Buy","0.90334","$26.27","($23.73)"
"6/25/2025","6/25/2025","6/26/2025","SCHD","Schwab US Dividend Equity ETF
CUSIP: 808524797","Buy","1","$26.27","($26.27)"
"6/25/2025","6/25/2025","6/26/2025","SCHD","Schwab US Dividend Equity ETF
CUSIP: 808524797","Buy","11.41987","$26.27","($300.00)"
"6/24/2025","6/24/2025","6/24/2025","UNH","Cash Div: R/D 2025-06-16 P/D 2025-06-24 - 12.44797 shares at 2.21","CDIV","","","$27.51"
"6/24/2025","6/24/2025","6/25/2025","VOO","Vanguard S&P 500 ETF
CUSIP: 922908363
Recurring","Buy","0.044673","$559.62","($25.00)"
"6/24/2025","6/24/2025","6/25/2025","SCHD","Schwab US Dividend Equity ETF
CUSIP: 808524797
Recurring","Buy","1.872056","$26.71","($50.00)"
"6/24/2025","6/24/2025","6/25/2025","QQQM","Invesco Exchange-Traded Fund Trust II Invesco NASDAQ 100 ETF
CUSIP: 46138G649
Recurring","Buy","0.112588","$222.05","($25.00)"
"6/23/2025","6/23/2025","6/24/2025","VOO","Vanguard S&P 500 ETF
CUSIP: 922908363
Recurring","Buy","0.045279","$552.13","($25.00)"
"6/23/2025","6/23/2025","6/24/2025","SCHD","Schwab US Dividend Equity ETF
CUSIP: 808524797
Recurring","Buy","1.872813","$26.70","($50.00)"
"6/23/2025","6/23/2025","6/24/2025","QQQM","Invesco Exchange-Traded Fund Trust II Invesco NASDAQ 100 ETF
CUSIP: 46138G649
Recurring","Buy","0.114333","$218.66","($25.00)"
"6/23/2025","6/23/2025","6/24/2025","NVO","Novo Nordisk
CUSIP: 670100205","Buy","0.60302","$69.39","($41.84)"
"6/23/2025","6/23/2025","6/24/2025","NVO","Novo Nordisk
CUSIP: 670100205","Buy","3","$69.39","($208.16)"
"6/20/2025","6/20/2025","6/23/2025","VOO","Vanguard S&P 500 ETF
CUSIP: 922908363
Recurring","Buy","0.04569","$547.16","($25.00)"
"6/20/2025","6/20/2025","6/23/2025","SCHD","Schwab US Dividend Equity ETF
CUSIP: 808524797
Recurring","Buy","1.874252","$26.68","($50.00)"
"6/20/2025","6/20/2025","6/23/2025","QQQM","Invesco Exchange-Traded Fund Trust II Invesco NASDAQ 100 ETF
CUSIP: 46138G649
Recurring","Buy","0.115532","$216.39","($25.00)"
"6/20/2025","6/20/2025","6/23/2025","","ACH Deposit","ACH","","","$800.00"
"6/18/2025","6/18/2025","6/20/2025","VOO","Vanguard S&P 500 ETF
CUSIP: 922908363
Recurring","Buy","0.04538","$550.90","($25.00)"
"6/18/2025","6/18/2025","6/20/2025","SCHD","Schwab US Dividend Equity ETF
CUSIP: 808524797
Recurring","Buy","1.871453","$26.72","($50.00)"
"6/18/2025","6/18/2025","6/20/2025","QQQM","Invesco Exchange-Traded Fund Trust II Invesco NASDAQ 100 ETF
CUSIP: 46138G649
Recurring","Buy","0.114728","$217.90","($25.00)"
"6/17/2025","6/17/2025","6/18/2025","VOO","Vanguard S&P 500 ETF
CUSIP: 922908363
Recurring","Buy","0.045397","$550.70","($25.00)"
"6/17/2025","6/17/2025","6/18/2025","SCHD","Schwab US Dividend Equity ETF
CUSIP: 808524797
Recurring","Buy","1.863585","$26.83","($50.00)"
"6/17/2025","6/17/2025","6/18/2025","QQQM","Invesco Exchange-Traded Fund Trust II Invesco NASDAQ 100 ETF
CUSIP: 46138G649
Recurring","Buy","0.114442","$218.45","($25.00)"
"6/17/2025","6/17/2025","6/18/2025","NVO","Novo Nordisk
CUSIP: 670100205","Buy","4.0324","$75.60","($304.85)"
"6/16/2025","6/16/2025","6/16/2025","MCD","Cash Div: R/D 2025-06-02 P/D 2025-06-16 - 2.739726 shares at 1.77","CDIV","","","$4.85"
"6/16/2025","6/16/2025","6/17/2025","QQQM","Invesco Exchange-Traded Fund Trust II Invesco NASDAQ 100 ETF
CUSIP: 46138G649
Recurring","Buy","0.113569","$220.13","($25.00)"
"6/16/2025","6/16/2025","6/17/2025","VOO","Vanguard S&P 500 ETF
CUSIP: 922908363
Recurring","Buy","0.045073","$554.65","($25.00)"
"6/16/2025","6/16/2025","6/17/2025","SCHD","Schwab US Dividend Equity ETF
CUSIP: 808524797
Recurring","Buy","1.856665","$26.93","($50.00)"
"6/13/2025","6/13/2025","6/16/2025","QQQM","Invesco Exchange-Traded Fund Trust II Invesco NASDAQ 100 ETF
CUSIP: 46138G649
Recurring","Buy","0.114569","$218.21","($25.00)"
"6/13/2025","6/13/2025","6/16/2025","VOO","Vanguard S&P 500 ETF
CUSIP: 922908363
Recurring","Buy","0.045357","$551.18","($25.00)"
"6/13/2025","6/13/2025","6/16/2025","SCHD","Schwab US Dividend Equity ETF
CUSIP: 808524797
Recurring","Buy","1.853327","$26.98","($50.00)"
"6/13/2025","6/13/2025","6/16/2025","MSFT","Microsoft
CUSIP: 594918104
Dividend Reinvestment","Buy","0.00699","$476.37","($3.33)"
"6/13/2025","6/13/2025","6/16/2025","MRK","Merck
CUSIP: 58933Y105","Buy","0.49148","$82.24","($40.42)"
"6/13/2025","6/13/2025","6/16/2025","MRK","Merck
CUSIP: 58933Y105","Buy","8","$82.24","($657.90)"
"6/13/2025","6/13/2025","6/16/2025","ABBV","AbbVie
CUSIP: 00287Y109","Sell","32","$191.95","$6,142.48"
"6/13/2025","6/13/2025","6/16/2025","ABBV","AbbVie
CUSIP: 00287Y109","Sell","0.290803","$192.00","$55.84"
"6/12/2025","6/12/2025","6/12/2025","MSFT","Cash Div: R/D 2025-05-15 P/D 2025-06-12 - 4.012282 shares at 0.83","CDIV","","","$3.33"
"6/12/2025","6/12/2025","6/13/2025","QQQM","Invesco Exchange-Traded Fund Trust II Invesco NASDAQ 100 ETF
CUSIP: 46138G649
Recurring","Buy","0.113672","$219.93","($25.00)"
"6/12/2025","6/12/2025","6/13/2025","VOO","Vanguard S&P 500 ETF
CUSIP: 922908363
Recurring","Buy","0.045058","$554.83","($25.00)"
"6/12/2025","6/12/2025","6/13/2025","SCHD","Schwab US Dividend Equity ETF
CUSIP: 808524797
Recurring","Buy","1.855287","$26.95","($50.00)"
"6/12/2025","6/12/2025","6/13/2025","","ACH Deposit","ACH","","","$800.00"
"6/11/2025","6/11/2025","6/12/2025","QQQM","Invesco Exchange-Traded Fund Trust II Invesco NASDAQ 100 ETF
CUSIP: 46138G649
Recurring","Buy","0.113548","$220.17","($25.00)"
"6/11/2025","6/11/2025","6/12/2025","VOO","Vanguard S&P 500 ETF
CUSIP: 922908363
Recurring","Buy","0.04503","$555.18","($25.00)"
"6/11/2025","6/11/2025","6/12/2025","SCHD","Schwab US Dividend Equity ETF
CUSIP: 808524797
Recurring","Buy","1.860119","$26.88","($50.00)"
"6/10/2025","6/10/2025","6/11/2025","QQQM","Invesco Exchange-Traded Fund Trust II Invesco NASDAQ 100 ETF
CUSIP: 46138G649
Recurring","Buy","0.114061","$219.18","($25.00)"
"6/10/2025","6/10/2025","6/11/2025","VOO","Vanguard S&P 500 ETF
CUSIP: 922908363
Recurring","Buy","0.045176","$553.38","($25.00)"
"6/10/2025","6/10/2025","6/11/2025","SCHD","Schwab US Dividend Equity ETF
CUSIP: 808524797
Recurring","Buy","1.848551","$27.05","($50.00)"
"6/9/2025","6/9/2025","6/10/2025","MRK","Merck
CUSIP: 58933Y105","Buy","0.44407","$79.36","($35.24)"
"6/9/2025","6/9/2025","6/10/2025","MRK","Merck
CUSIP: 58933Y105","Buy","1","$79.36","($79.36)"
"6/9/2025","6/9/2025","6/10/2025","QQQM","Invesco Exchange-Traded Fund Trust II Invesco NASDAQ 100 ETF
CUSIP: 46138G649
Recurring","Buy","0.11415","$219.01","($25.00)"
"6/9/2025","6/9/2025","6/10/2025","VOO","Vanguard S&P 500 ETF
CUSIP: 922908363
Recurring","Buy","0.045271","$552.23","($25.00)"
"6/9/2025","6/9/2025","6/10/2025","SCHD","Schwab US Dividend Equity ETF
CUSIP: 808524797
Recurring","Buy","1.869969","$26.74","($50.00)"
"6/6/2025","6/6/2025","6/6/2025","CEG","Cash Div: R/D 2025-05-16 P/D 2025-06-06 - 3.6162 shares at 0.3878","CDIV","","","$1.40"
"6/6/2025","6/6/2025","6/9/2025","QQQM","Invesco Exchange-Traded Fund Trust II Invesco NASDAQ 100 ETF
CUSIP: 46138G649
Recurring","Buy","0.114464","$218.41","($25.00)"
"6/6/2025","6/6/2025","6/9/2025","VOO","Vanguard S&P 500 ETF
CUSIP: 922908363
Recurring","Buy","0.045442","$550.14","($25.00)"
"6/6/2025","6/6/2025","6/9/2025","SCHD","Schwab US Dividend Equity ETF
CUSIP: 808524797
Recurring","Buy","1.88764","$26.49","($50.00)"
"6/6/2025","6/6/2025","6/6/2025","ASTS","Stock Lending","SLIP","","","$0.01"
"6/6/2025","6/6/2025","6/6/2025","NVO","Stock Lending","SLIP","","","$0.01"
"6/6/2025","6/6/2025","6/6/2025","OPRA","Stock Lending","SLIP","","","$0.01"
"6/6/2025","6/6/2025","6/6/2025","MRK","Stock Lending","SLIP","","","$0.01"
"6/6/2025","6/6/2025","6/6/2025","QQQM","Stock Lending","SLIP","","","$0.01"
"6/6/2025","6/6/2025","6/9/2025","","ACH Deposit","ACH","","","$1,000.00"
"6/5/2025","6/5/2025","6/6/2025","VOO","Vanguard S&P 500 ETF
CUSIP: 922908363
Recurring","Buy","0.045568","$548.62","($25.00)"
"6/5/2025","6/5/2025","6/6/2025","SCHD","Schwab US Dividend Equity ETF
CUSIP: 808524797
Recurring","Buy","1.899696","$26.32","($50.00)"
"6/5/2025","6/5/2025","6/6/2025","QQQM","Invesco Exchange-Traded Fund Trust II Invesco NASDAQ 100 ETF
CUSIP: 46138G649
Recurring","Buy","0.114699","$217.96","($25.00)"
"6/4/2025","6/4/2025","6/5/2025","VOO","Vanguard S&P 500 ETF
CUSIP: 922908363
Recurring","Buy","0.045522","$549.18","($25.00)"
"6/4/2025","6/4/2025","6/5/2025","SCHD","Schwab US Dividend Equity ETF
CUSIP: 808524797
Recurring","Buy","1.893344","$26.41","($50.00)"
"6/4/2025","6/4/2025","6/5/2025","QQQM","Invesco Exchange-Traded Fund Trust II Invesco NASDAQ 100 ETF
CUSIP: 46138G649
Recurring","Buy","0.114765","$217.84","($25.00)"
"6/3/2025","6/3/2025","6/4/2025","VOO","Vanguard S&P 500 ETF
CUSIP: 922908363
Recurring","Buy","0.045577","$548.52","($25.00)"
"6/3/2025","6/3/2025","6/4/2025","SCHD","Schwab US Dividend Equity ETF
CUSIP: 808524797
Recurring","Buy","1.88893","$26.47","($50.00)"
"6/3/2025","6/3/2025","6/4/2025","QQQM","Invesco Exchange-Traded Fund Trust II Invesco NASDAQ 100 ETF
CUSIP: 46138G649
Recurring","Buy","0.114926","$217.53","($25.00)"
"6/2/2025","6/2/2025","6/3/2025","VOO","Vanguard S&P 500 ETF
CUSIP: 922908363
Recurring","Buy","0.046128","$541.96","($25.00)"
"6/2/2025","6/2/2025","6/3/2025","SCHD","Schwab US Dividend Equity ETF
CUSIP: 808524797
Recurring","Buy","1.914241","$26.12","($50.00)"
"6/2/2025","6/2/2025","6/3/2025","QQQM","Invesco Exchange-Traded Fund Trust II Invesco NASDAQ 100 ETF
CUSIP: 46138G649
Recurring","Buy","0.116517","$214.56","($25.00)"
"6/2/2025","6/2/2025","6/2/2025","","Gold Deposit Boost Payment","GDBP","","","$8.86"
"5/30/2025","5/30/2025","5/30/2025","","Interest Payment","INT","","","$4.29"
"5/30/2025","5/30/2025","6/2/2025","VOO","Vanguard S&P 500 ETF
CUSIP: 922908363
Recurring","Buy","0.04642","$538.56","($25.00)"
"5/30/2025","5/30/2025","6/2/2025","SCHD","Schwab US Dividend Equity ETF
CUSIP: 808524797
Recurring","Buy","1.914241","$26.12","($50.00)"
"5/30/2025","5/30/2025","6/2/2025","QQQM","Invesco Exchange-Traded Fund Trust II Invesco NASDAQ 100 ETF
CUSIP: 46138G649
Recurring","Buy","0.118008","$211.85","($25.00)"
"5/29/2025","5/29/2025","5/30/2025","VOO","Vanguard S&P 500 ETF
CUSIP: 922908363
Recurring","Buy","0.04614","$541.82","($25.00)"
"5/29/2025","5/29/2025","5/30/2025","SCHD","Schwab US Dividend Equity ETF
CUSIP: 808524797
Recurring","Buy","1.917177","$26.08","($50.00)"
"5/29/2025","5/29/2025","5/30/2025","QQQM","Invesco Exchange-Traded Fund Trust II Invesco NASDAQ 100 ETF
CUSIP: 46138G649
Recurring","Buy","0.116691","$214.24","($25.00)"
"5/28/2025","5/28/2025","5/29/2025","VOO","Vanguard S&P 500 ETF
CUSIP: 922908363
Recurring","Buy","0.046115","$542.11","($25.00)"
"5/28/2025","5/28/2025","5/29/2025","SCHD","Schwab US Dividend Equity ETF
CUSIP: 808524797
Recurring","Buy","1.913509","$26.13","($50.00)"
"5/28/2025","5/28/2025","5/29/2025","QQQM","Invesco Exchange-Traded Fund Trust II Invesco NASDAQ 100 ETF
CUSIP: 46138G649
Recurring","Buy","0.116433","$214.72","($25.00)"
"5/28/2025","5/28/2025","5/29/2025","NVO","Novo Nordisk
CUSIP: 670100205","Buy","0.06681","$68.85","($4.60)"
"5/28/2025","5/28/2025","5/29/2025","","ACH Deposit","ACH","","","$300.00"
"5/27/2025","5/27/2025","5/27/2025","WMT","Cash Div: R/D 2025-05-09 P/D 2025-05-27 - 19.58998 shares at 0.235","CDIV","","","$4.60"
"5/27/2025","5/27/2025","5/28/2025","VOO","Vanguard S&P 500 ETF
CUSIP: 922908363
Recurring","Buy","0.046045","$542.94","($25.00)"
"5/27/2025","5/27/2025","5/28/2025","SCHD","Schwab US Dividend Equity ETF
CUSIP: 808524797
Recurring","Buy","1.909125","$26.19","($50.00)"
"5/27/2025","5/27/2025","5/28/2025","QQQM","Invesco Exchange-Traded Fund Trust II Invesco NASDAQ 100 ETF
CUSIP: 46138G649
Recurring","Buy","0.116605","$214.40","($25.00)"
"5/23/2025","5/23/2025","5/27/2025","VOO","Vanguard S&P 500 ETF
CUSIP: 922908363
Recurring","Buy","0.046839","$533.74","($25.00)"
"5/23/2025","5/23/2025","5/27/2025","SCHD","Schwab US Dividend Equity ETF
CUSIP: 808524797
Recurring","Buy","1.931993","$25.88","($50.00)"
"5/23/2025","5/23/2025","5/27/2025","QQQM","Invesco Exchange-Traded Fund Trust II Invesco NASDAQ 100 ETF
CUSIP: 46138G649
Recurring","Buy","0.118781","$210.47","($25.00)"
"5/23/2025","5/23/2025","5/27/2025","NVO","Novo Nordisk
CUSIP: 670100205","Buy","1.49342","$66.96","($100.00)"
"5/23/2025","5/23/2025","5/27/2025","SCHD","Schwab US Dividend Equity ETF
CUSIP: 808524797","Buy","1.93986","$25.78","($50.00)"
"5/23/2025","5/23/2025","5/27/2025","","ACH Deposit","ACH","","","$800.00"
"5/22/2025","5/22/2025","5/23/2025","VOO","Vanguard S&P 500 ETF
CUSIP: 922908363
Recurring","Buy","0.046469","$537.99","($25.00)"
"5/22/2025","5/22/2025","5/23/2025","SCHD","Schwab US Dividend Equity ETF
CUSIP: 808524797
Recurring","Buy","1.923313","$26.00","($50.00)"
"5/22/2025","5/22/2025","5/23/2025","QQQM","Invesco Exchange-Traded Fund Trust II Invesco NASDAQ 100 ETF
CUSIP: 46138G649
Recurring","Buy","0.117757","$212.30","($25.00)"
"5/22/2025","5/22/2025","5/23/2025","SCHD","Schwab US Dividend Equity ETF
CUSIP: 808524797","Buy","0.93433","$25.85","($24.15)"
"5/22/2025","5/22/2025","5/23/2025","SCHD","Schwab US Dividend Equity ETF
CUSIP: 808524797","Buy","1","$25.85","($25.85)"
"5/22/2025","5/22/2025","5/23/2025","NVO","Novo Nordisk
CUSIP: 670100205","Buy","1.48533","$67.32","($100.00)"
"5/21/2025","5/21/2025","5/22/2025","VOO","Vanguard S&P 500 ETF
CUSIP: 922908363
Recurring","Buy","0.046388","$538.93","($25.00)"
"5/21/2025","5/21/2025","5/22/2025","SCHD","Schwab US Dividend Equity ETF
CUSIP: 808524797
Recurring","Buy","1.908761","$26.20","($50.00)"
"5/21/2025","5/21/2025","5/22/2025","QQQM","Invesco Exchange-Traded Fund Trust II Invesco NASDAQ 100 ETF
CUSIP: 46138G649
Recurring","Buy","0.11818","$211.54","($25.00)"
"5/21/2025","5/21/2025","5/22/2025","SCHD","Schwab US Dividend Equity ETF
CUSIP: 808524797","Buy","3.80952","$26.25","($100.00)"
"5/21/2025","5/21/2025","5/22/2025","AMZN","Amazon
CUSIP: 023135106","Buy","0.70595","$200.78","($141.74)"
"5/20/2025","5/20/2025","5/20/2025","ET","Cash Div: R/D 2025-05-09 P/D 2025-05-20 - 127.458458 shares at 0.3275","CDIV","","","$41.74"
"5/20/2025","5/20/2025","5/21/2025","SCHD","Schwab US Dividend Equity ETF
CUSIP: 808524797","Buy","0.78143","$26.44","($20.66)"
"5/20/2025","5/20/2025","5/21/2025","SCHD","Schwab US Dividend Equity ETF
CUSIP: 808524797","Buy","3","$26.44","($79.34)"
"5/20/2025","5/20/2025","5/21/2025","VOO","Vanguard S&P 500 ETF
CUSIP: 922908363
Recurring","Buy","0.045864","$545.08","($25.00)"
"5/20/2025","5/20/2025","5/21/2025","SCHD","Schwab US Dividend Equity ETF
CUSIP: 808524797
Recurring","Buy","1.883948","$26.54","($50.00)"
"5/20/2025","5/20/2025","5/21/2025","QQQM","Invesco Exchange-Traded Fund Trust II Invesco NASDAQ 100 ETF
CUSIP: 46138G649
Recurring","Buy","0.116686","$214.25","($25.00)"
"5/20/2025","5/20/2025","5/21/2025","NVO","Novo Nordisk
CUSIP: 670100205","Buy","1.60602","$68.33","($109.74)"
"5/19/2025","5/19/2025","5/20/2025","VOO","Vanguard S&P 500 ETF
CUSIP: 922908363
Recurring","Buy","0.04573","$546.68","($25.00)"
"5/19/2025","5/19/2025","5/20/2025","SCHD","Schwab US Dividend Equity ETF
CUSIP: 808524797
Recurring","Buy","1.884041","$26.54","($50.00)"
"5/19/2025","5/19/2025","5/20/2025","QQQM","Invesco Exchange-Traded Fund Trust II Invesco NASDAQ 100 ETF
CUSIP: 46138G649
Recurring","Buy","0.116317","$214.93","($25.00)"
"5/19/2025","5/19/2025","5/20/2025","UNH","UnitedHealth
CUSIP: 91324P102","Buy","6.44797","$310.18","($2,000.00)"
"5/19/2025","5/19/2025","5/20/2025","T","AT&T
CUSIP: 00206R102","Sell","90.223774","$27.92","$2,518.59"
"5/19/2025","5/19/2025","5/20/2025","UNH","UnitedHealth
CUSIP: 91324P102","Buy","1","$301.95","($301.95)"
"5/19/2025","5/19/2025","5/20/2025","UNH","UnitedHealth
CUSIP: 91324P102","Buy","4","$301.80","($1,207.20)"
"5/19/2025","5/19/2025","5/20/2025","UNH","UnitedHealth
CUSIP: 91324P102","Buy","1","$299.70","($299.70)"
"5/16/2025","5/16/2025","5/19/2025","VOO","Vanguard S&P 500 ETF
CUSIP: 922908363
Recurring","Buy","0.045855","$545.19","($25.00)"
"5/16/2025","5/16/2025","5/19/2025","SCHD","Schwab US Dividend Equity ETF
CUSIP: 808524797
Recurring","Buy","1.885369","$26.52","($50.00)"
"5/16/2025","5/16/2025","5/19/2025","QQQM","Invesco Exchange-Traded Fund Trust II Invesco NASDAQ 100 ETF
CUSIP: 46138G649
Recurring","Buy","0.116648","$214.32","($25.00)"
"5/16/2025","5/16/2025","5/19/2025","NVO","Novo Nordisk
CUSIP: 670100205","Buy","3.17025","$64.02","($202.96)"
"5/15/2025","5/15/2025","5/15/2025","ABBV","Cash Div: R/D 2025-04-15 P/D 2025-05-15 - 32.290803 shares at 1.64","CDIV","","","$52.96"
"5/15/2025","5/15/2025","5/16/2025","VOO","Vanguard S&P 500 ETF
CUSIP: 922908363
Recurring","Buy","0.046054","$542.83","($25.00)"
"5/15/2025","5/15/2025","5/16/2025","SCHD","Schwab US Dividend Equity ETF
CUSIP: 808524797
Recurring","Buy","1.903311","$26.27","($50.00)"
"5/15/2025","5/15/2025","5/16/2025","QQQM","Invesco Exchange-Traded Fund Trust II Invesco NASDAQ 100 ETF
CUSIP: 46138G649
Recurring","Buy","0.116452","$214.68","($25.00)"
"5/15/2025","5/15/2025","5/16/2025","AMZN","Amazon
CUSIP: 023135106","Buy","0.73163","$205.02","($150.00)"
"5/14/2025","5/14/2025","5/15/2025","NVO","Novo Nordisk
CUSIP: 670100205","Buy","0.16697","$64.20","($10.72)"
"5/14/2025","5/14/2025","5/15/2025","NVO","Novo Nordisk
CUSIP: 670100205","Buy","4","$64.20","($256.80)"
"5/14/2025","5/14/2025","5/15/2025","QQQM","Invesco Exchange-Traded Fund Trust II Invesco NASDAQ 100 ETF
CUSIP: 46138G649","Buy","0.74812","$212.80","($159.20)"
"5/14/2025","5/14/2025","5/15/2025","QQQM","Invesco Exchange-Traded Fund Trust II Invesco NASDAQ 100 ETF
CUSIP: 46138G649","Buy","11","$212.80","($2,340.80)"
"5/14/2025","5/14/2025","5/15/2025","VOO","Vanguard S&P 500 ETF
CUSIP: 922908363","Buy","4.623208","$540.75","($2,500.00)"
"5/14/2025","5/14/2025","5/15/2025","SCHD","Schwab US Dividend Equity ETF
CUSIP: 808524797","Buy","189.963864","$26.29","($4,994.15)"
"5/14/2025","5/14/2025","5/15/2025","SCHD","Schwab US Dividend Equity ETF
CUSIP: 808524797","Buy","0.22256","$26.28","($5.85)"
"5/14/2025","5/14/2025","5/15/2025","","ACH Deposit","ACH","","","$12,000.00"
"5/9/2025","5/9/2025","5/9/2025","GD","Cash Div: R/D 2025-04-11 P/D 2025-05-09 - 11.68256 shares at 1.5","CDIV","","","$17.52"
"5/9/2025","5/9/2025","5/12/2025","NVO","Novo Nordisk
CUSIP: 670100205","Buy","0.32759","$66.21","($21.69)"
"5/9/2025","5/9/2025","5/12/2025","NVO","Novo Nordisk
CUSIP: 670100205","Buy","11","$66.21","($728.31)"
"5/9/2025","5/9/2025","5/12/2025","","ACH Deposit","ACH","","","$2,000.00"
"5/9/2025","5/9/2025","5/12/2025","MRK","Merck
CUSIP: 58933Y105","Buy","0.59974","$78.13","($46.86)"
"5/9/2025","5/9/2025","5/12/2025","MRK","Merck
CUSIP: 58933Y105","Buy","9","$78.13","($703.14)"
"5/7/2025","5/7/2025","5/8/2025","MSFT","Microsoft
CUSIP: 594918104","Buy","0.57633","$433.88","($250.06)"
"5/7/2025","5/7/2025","5/7/2025","OPRA","Stock Lending","SLIP","","","$0.01"
"5/7/2025","5/7/2025","5/7/2025","CEG","Stock Lending","SLIP","","","$0.01"
"5/7/2025","5/7/2025","5/7/2025","JD","Stock Lending","SLIP","","","$0.01"
"5/7/2025","5/7/2025","5/7/2025","NVO","Stock Lending","SLIP","","","$0.01"
"5/7/2025","5/7/2025","5/7/2025","ASTS","Stock Lending","SLIP","","","$0.01"
"5/7/2025","5/7/2025","5/7/2025","ABBV","Stock Lending","SLIP","","","$0.01"
"5/7/2025","5/7/2025","5/8/2025","AMZN","Amazon
CUSIP: 023135106","Buy","1.32247","$189.04","($250.00)"
"5/5/2025","5/5/2025","5/6/2025","AMZN","Amazon
CUSIP: 023135106","Buy","0.36635","$187.37","($68.64)"
"5/5/2025","5/5/2025","5/6/2025","AMZN","Amazon
CUSIP: 023135106","Buy","1","$187.37","($187.37)"
"5/2/2025","5/2/2025","5/2/2025","DELL","Cash Div: R/D 2025-04-22 P/D 2025-05-02 - 11.440443 shares at 0.525","CDIV","","","$6.01"
"5/2/2025","5/2/2025","5/5/2025","NVO","Novo Nordisk
CUSIP: 670100205","Buy","0.95968","$69.46","($66.66)"
"5/2/2025","5/2/2025","5/5/2025","NVO","Novo Nordisk
CUSIP: 670100205","Buy","3","$69.46","($208.38)"
"5/1/2025","5/1/2025","5/1/2025","T","Cash Div: R/D 2025-04-10 P/D 2025-05-01 - 90.223774 shares at 0.2775","CDIV","","","$25.04"
"5/1/2025","5/1/2025","5/2/2025","NVO","Novo Nordisk
CUSIP: 670100205","Buy","0.71648","$67.27","($48.20)"
"5/1/2025","5/1/2025","5/2/2025","NVO","Novo Nordisk
CUSIP: 670100205","Buy","3","$67.27","($201.80)"
"5/1/2025","5/1/2025","5/2/2025","AMZN","Amazon
CUSIP: 023135106","Buy","0.93925","$189.99","($178.45)"
"5/1/2025","5/1/2025","5/2/2025","AMZN","Amazon
CUSIP: 023135106","Buy","2","$189.99","($379.97)"
"4/30/2025","4/30/2025","4/30/2025","","Interest Payment","INT","","","$5.18"
"4/30/2025","4/30/2025","4/30/2025","","Gold Deposit Boost Payment","GDBP","","","$8.89"
"4/29/2025","4/29/2025","4/29/2025","JD","Sponsored ADR: Agency Processing Fee at $0.90","DFEE","","","($0.90)"
"4/29/2025","4/29/2025","4/29/2025","JD","Cash Div: R/D 2025-04-08 P/D 2025-04-29 - 45.24886 shares at 1","CDIV","","","$45.25"
"4/28/2025","4/28/2025","4/29/2025","","ACH Deposit","ACH","","","$250.00"
"4/28/2025","4/28/2025","4/29/2025","MSFT","Microsoft
CUSIP: 594918104","Buy","0.63992","$390.67","($250.00)"
"4/28/2025","4/28/2025","4/29/2025","NVO","Novo Nordisk
CUSIP: 670100205","Buy","8.06017","$62.32","($502.31)"
"4/25/2025","4/25/2025","4/28/2025","","ACH Deposit","ACH","","","$1,500.00"
"4/24/2025","4/24/2025","4/24/2025","CRM","Cash Div: R/D 2025-04-10 P/D 2025-04-24 - 5.55997 shares at 0.416","CDIV","","","$2.31"
"4/24/2025","4/24/2025","4/25/2025","NVO","Novo Nordisk
CUSIP: 670100205","Buy","0.04375","$62.16","($2.72)"
"4/24/2025","4/24/2025","4/25/2025","NVO","Novo Nordisk
CUSIP: 670100205","Buy","8","$62.16","($497.28)"
"4/24/2025","4/24/2025","4/25/2025","AMZN","Amazon
CUSIP: 023135106","Buy","0.03817","$181.57","($6.93)"
"4/24/2025","4/24/2025","4/25/2025","AMZN","Amazon
CUSIP: 023135106","Buy","2","$181.57","($363.14)"
"4/11/2025","4/11/2025","4/14/2025","","ACH Deposit","ACH","","","$1,500.00"
"4/8/2025","4/8/2025","4/8/2025","NVO","Sponsored ADR: Agency Processing Fee at $0.58","DFEE","","","($0.58)"
"4/8/2025","4/8/2025","4/8/2025","NVO","Cash Div: R/D 2025-03-31 P/D 2025-04-08 - 38.64557 shares at 1.142561","CDIV","","","$44.15"
"4/8/2025","4/8/2025","4/8/2025","NVO","Foreign Tax Witholding at $11.92","DTAX","","","($11.92)"
"4/7/2025","4/7/2025","4/7/2025","WMT","Cash Div: R/D 2025-03-21 P/D 2025-04-07 - 19.58998 shares at 0.235","CDIV","","","$4.60"
"4/7/2025","4/7/2025","4/7/2025","MRK","Cash Div: R/D 2025-03-17 P/D 2025-04-07 - 17.86884 shares at 0.81","CDIV","","","$14.47"
"4/7/2025","4/7/2025","4/7/2025","OPRA","Stock Lending","SLIP","","","$0.01"
"4/7/2025","4/7/2025","4/7/2025","ASTS","Stock Lending","SLIP","","","$0.01"
"4/7/2025","4/7/2025","4/7/2025","T","Stock Lending","SLIP","","","$0.01"
"4/4/2025","4/4/2025","4/7/2025","","ACH Deposit","ACH","","","$250.00"
"4/3/2025","4/3/2025","4/3/2025","VICI","Cash Div: R/D 2025-03-20 P/D 2025-04-03 - 44.194419 shares at 0.4325","CDIV","","","$19.11"
"4/2/2025","4/2/2025","4/2/2025","NVDA","Cash Div: R/D 2025-03-12 P/D 2025-04-02 - 21.49993 shares at 0.01","CDIV","","","$0.21"
"4/1/2025","4/1/2025","4/2/2025","AMZN","Amazon
CUSIP: 023135106","Buy","1.18265","$190.80","($225.65)"
"3/31/2025","3/31/2025","3/31/2025","AVGO","Cash Div: R/D 2025-03-20 P/D 2025-03-31 - 15.38796 shares at 0.59","CDIV","","","$9.08"
"3/31/2025","3/31/2025","3/31/2025","","Interest Payment","INT","","","$5.48"
"3/31/2025","3/31/2025","3/31/2025","","Gold Deposit Boost Payment","GDBP","","","$8.90"
"3/28/2025","3/28/2025","3/31/2025","","ACH Deposit","ACH","","","$750.00"
"3/26/2025","3/26/2025","3/26/2025","META","Cash Div: R/D 2025-03-14 P/D 2025-03-26 - 4.17233 shares at 0.525","CDIV","","","$2.19"
"3/26/2025","3/26/2025","3/27/2025","NVO","Novo Nordisk
CUSIP: 670100205","Buy","0.64557","$71.80","($46.35)"
"3/26/2025","3/26/2025","3/27/2025","NVO","Novo Nordisk
CUSIP: 670100205","Buy","21","$71.80","($1,507.78)"
"3/26/2025","3/26/2025","3/27/2025","NVO","Novo Nordisk
CUSIP: 670100205","Buy","17","$71.80","($1,220.58)"
"3/19/2025","3/19/2025","3/20/2025","","ACH Deposit","ACH","","","$300.00"
"3/18/2025","3/18/2025","3/18/2025","CEG","Cash Div: R/D 2025-03-07 P/D 2025-03-18 - 3.6162 shares at 0.3878","CDIV","","","$1.40"
"3/17/2025","3/17/2025","3/17/2025","MCD","Cash Div: R/D 2025-03-03 P/D 2025-03-17 - 2.739726 shares at 1.77","CDIV","","","$4.85"
"3/14/2025","3/14/2025","3/17/2025","","ACH Deposit","ACH","","","$1,000.00"
"3/13/2025","3/13/2025","3/13/2025","MSFT","Cash Div: R/D 2025-02-20 P/D 2025-03-13 - 2.796032 shares at 0.83","CDIV","","","$2.32"
"3/7/2025","3/7/2025","3/7/2025","SBLK","Stock Lending","SLIP","","","$0.01"
"3/7/2025","3/7/2025","3/7/2025","ASTS","Stock Lending","SLIP","","","$0.01"
"3/7/2025","3/7/2025","3/7/2025","JD","Stock Lending","SLIP","","","$0.01"
"3/7/2025","3/7/2025","3/7/2025","OPRA","Stock Lending","SLIP","","","$0.01"
"3/7/2025","3/7/2025","3/7/2025","","Gold Subscription Fee","GOLD","","","($50.00)"
"3/7/2025","3/7/2025","3/7/2025","","Gold Plan Credit","GMPC","","","$1.83"
"3/3/2025","3/3/2025","3/3/2025","","Gold Deposit Boost Payment","GDBP","","","$8.91"
"2/28/2025","2/28/2025","2/28/2025","","Interest Payment","INT","","","$5.36"
"2/28/2025","2/28/2025","3/3/2025","ALAB","Astera Labs, Inc.
CUSIP: 04626A103","Buy","2.67701","$74.71","($200.00)"
"2/28/2025","2/28/2025","3/3/2025","AMZN","Amazon
CUSIP: 023135106","Buy","0.4331","$209.34","($90.66)"
"2/28/2025","2/28/2025","3/3/2025","AMZN","Amazon
CUSIP: 023135106","Buy","1","$209.34","($209.34)"
"2/28/2025","2/28/2025","3/3/2025","","ACH Deposit","ACH","","","$1,000.00"
"2/27/2025","2/27/2025","2/28/2025","","ACH Deposit","ACH","","","$1,000.00"
"2/26/2025","2/26/2025","2/27/2025","","ACH Deposit","ACH","","","$350.00"
"2/26/2025","2/26/2025","2/26/2025","","ACH REVERSAL","ACH","","","($750.00)"
"2/26/2025","2/26/2025","2/26/2025","","ACH REVERSAL","ACH","","","($1,000.00)"
"2/25/2025","2/25/2025","2/26/2025","NFLX","Netflix
CUSIP: 64110L106","Buy","0.20606","$970.58","($200.00)"
"2/25/2025","2/25/2025","2/26/2025","AMZN","Amazon
CUSIP: 023135106","Buy","0.91417","$208.97","($191.03)"
"2/25/2025","2/25/2025","2/26/2025","AMZN","Amazon
CUSIP: 023135106","Buy","1","$208.97","($208.97)"
"2/24/2025","2/24/2025","2/25/2025","OPRA","Opera
CUSIP: 68373M107","Buy","10.86071","$18.42","($200.00)"
"2/21/2025","2/21/2025","2/24/2025","AMZN","Amazon
CUSIP: 023135106","Buy","0.68337","$219.50","($150.00)"
"2/21/2025","2/21/2025","2/24/2025","","ACH Deposit","ACH","","","$1,000.00"
"2/21/2025","2/21/2025","2/24/2025","","ACH Deposit","ACH","","","$750.00"
"2/20/2025","2/20/2025","2/21/2025","WMT","Walmart
CUSIP: 931142103","Buy","0.42519","$97.42","($41.42)"
"2/19/2025","2/19/2025","2/19/2025","ET","Cash Div: R/D 2025-02-07 P/D 2025-02-19 - 127.458458 shares at 0.325","CDIV","","","$41.42"
"2/19/2025","2/19/2025","2/20/2025","AMZN","Amazon
CUSIP: 023135106","Buy","0.80634","$224.16","($180.75)"
"2/19/2025","2/19/2025","2/20/2025","MRK","Merck
CUSIP: 58933Y105","Buy","17.86884","$83.94","($1,500.00)"
"2/19/2025","2/19/2025","2/20/2025","SBLK","Star Bulk
CUSIP: Y8162K204","Sell","57.828517","$15.35","$887.63"
"2/19/2025","2/19/2025","2/20/2025","","ACH Deposit","ACH","","","$100.00"
"2/18/2025","2/18/2025","2/18/2025","","Gold Subscription Fee","GOLD","","","($5.00)"
"2/14/2025","2/14/2025","2/14/2025","ABBV","Cash Div: R/D 2025-01-15 P/D 2025-02-14 - 29.338603 shares at 1.64","CDIV","","","$48.12"
"2/14/2025","2/14/2025","2/18/2025","WMT","Walmart
CUSIP: 931142103","Buy","0.16479","$104.36","($17.20)"
"2/14/2025","2/14/2025","2/18/2025","WMT","Walmart
CUSIP: 931142103","Buy","19","$104.36","($1,982.80)"
"2/14/2025","2/14/2025","2/18/2025","","ACH Deposit","ACH","","","$750.00"
"2/13/2025","2/13/2025","2/14/2025","AMZN","Amazon
CUSIP: 023135106","Buy","0.05559","$228.11","($12.68)"
"2/13/2025","2/13/2025","2/14/2025","AMZN","Amazon
CUSIP: 023135106","Buy","1","$228.11","($228.11)"
"2/11/2025","2/11/2025","2/11/2025","JD","ADR Fee: R/D 2025-01-22 P/D 2025-02-11 - 45.248860 shares at 0.02","AFEE","","","($0.90)"
"2/10/2025","2/10/2025","2/11/2025","","ACH Deposit","ACH","","","$500.00"
"2/7/2025","2/7/2025","2/7/2025","GD","Cash Div: R/D 2025-01-17 P/D 2025-02-07 - 11.68256 shares at 1.42","CDIV","","","$16.59"
"2/7/2025","2/7/2025","2/7/2025","SBLK","Stock Lending","SLIP","","","$0.01"
"2/7/2025","2/7/2025","2/7/2025","OPRA","Stock Lending","SLIP","","","$0.01"
"2/7/2025","2/7/2025","2/7/2025","JD","Stock Lending","SLIP","","","$0.01"
"2/7/2025","2/7/2025","2/7/2025","ALAB","Stock Lending","SLIP","","","$0.01"
"2/7/2025","2/7/2025","2/7/2025","VICI","Stock Lending","SLIP","","","$0.01"
"2/7/2025","2/7/2025","2/7/2025","ASTS","Stock Lending","SLIP","","","$0.01"
"2/3/2025","2/3/2025","2/3/2025","T","Cash Div: R/D 2025-01-10 P/D 2025-02-03 - 90.223774 shares at 0.2775","CDIV","","","$25.04"
"2/3/2025","2/3/2025","2/4/2025","","ACH Deposit","ACH","","","$700.00"
"2/3/2025","2/3/2025","2/4/2025","NVDA","NVIDIA
CUSIP: 67066G104","Buy","0.51196","$116.62","($59.70)"
"2/3/2025","2/3/2025","2/4/2025","NVDA","NVIDIA
CUSIP: 67066G104","Buy","4","$116.62","($466.48)"
"2/3/2025","2/3/2025","2/3/2025","","Gold Deposit Boost Payment","GDBP","","","$8.92"
"1/31/2025","1/31/2025","1/31/2025","DELL","Cash Div: R/D 2025-01-22 P/D 2025-01-31 - 11.440443 shares at 0.445","CDIV","","","$5.09"
"1/31/2025","1/31/2025","1/31/2025","","Interest Payment","INT","","","$12.17"
"1/31/2025","1/31/2025","2/3/2025","","ACH Deposit","ACH","","","$1,000.00"
"1/27/2025","1/27/2025","1/28/2025","CEG","Constellation Energy
CUSIP: 21037T109","Buy","0.6162","$276.53","($170.40)"
"1/27/2025","1/27/2025","1/28/2025","CEG","Constellation Energy
CUSIP: 21037T109","Buy","3","$276.53","($829.60)"
"1/27/2025","1/27/2025","1/28/2025","AMD","AMD
CUSIP: 007903107","Buy","0.70716","$114.85","($81.22)"
"1/27/2025","1/27/2025","1/28/2025","AMD","AMD
CUSIP: 007903107","Buy","8","$114.85","($918.78)"
"1/27/2025","1/27/2025","1/28/2025","ALAB","Astera Labs, Inc.
CUSIP: 04626A103","Buy","0.02792","$83.08","($2.32)"
"1/27/2025","1/27/2025","1/28/2025","ALAB","Astera Labs, Inc.
CUSIP: 04626A103","Buy","9","$83.08","($747.68)"
"1/27/2025","1/27/2025","1/28/2025","NVDA","NVIDIA
CUSIP: 67066G104","Buy","0.34848","$118.14","($41.17)"
"1/27/2025","1/27/2025","1/28/2025","NVDA","NVIDIA
CUSIP: 67066G104","Buy","6","$118.14","($708.83)"
"1/27/2025","1/27/2025","1/28/2025","","ACH Deposit","ACH","","","$1,000.00"
"1/23/2025","1/23/2025","1/24/2025","ABBV","AbbVie
CUSIP: 00287Y109","Buy","2.9522","$169.36","($500.00)"
"1/23/2025","1/23/2025","1/24/2025","OPRA","Opera
CUSIP: 68373M107","Buy","0.27732","$18.09","($5.02)"
"1/23/2025","1/23/2025","1/24/2025","OPRA","Opera
CUSIP: 68373M107","Buy","55","$18.09","($994.98)"
"1/23/2025","1/23/2025","1/24/2025","AMD","AMD
CUSIP: 007903107","Buy","4.04759","$123.53","($500.00)"
"1/23/2025","1/23/2025","1/24/2025","AMZN","Amazon
CUSIP: 023135106","Buy","2.14169","$233.46","($500.00)"
"1/23/2025","1/23/2025","1/24/2025","CRM","Salesforce
CUSIP: 79466L302","Buy","0.55997","$333.27","($186.62)"
"1/23/2025","1/23/2025","1/24/2025","CRM","Salesforce
CUSIP: 79466L302","Buy","5","$333.27","($1,666.37)"
"1/21/2025","1/21/2025","1/22/2025","","ACH Deposit","ACH","","","$1,500.00"
"1/17/2025","1/17/2025","1/17/2025","","Gold Subscription Fee","GOLD","","","($5.00)"
"1/15/2025","1/15/2025","1/16/2025","","ACH Deposit","ACH","","","$4,000.00"
"1/13/2025","1/13/2025","1/13/2025","OPRA","Sponsored ADR: Agency Processing Fee at $0.72","DFEE","","","($0.72)"
"1/13/2025","1/13/2025","1/13/2025","OPRA","Cash Div: R/D 2025-01-06 P/D 2025-01-13 - 71.824064 shares at 0.4","CDIV","","","$28.73"
"1/9/2025","1/9/2025","1/9/2025","VICI","Cash Div: R/D 2024-12-17 P/D 2025-01-09 - 44.194419 shares at 0.4325","CDIV","","","$19.11"
"1/8/2025","1/8/2025","1/8/2025","ALAB","Stock Lending","SLIP","","","$0.01"
"1/8/2025","1/8/2025","1/8/2025","ABBV","Stock Lending","SLIP","","","$0.01"
"1/8/2025","1/8/2025","1/8/2025","OPRA","Stock Lending","SLIP","","","$0.01"
"1/8/2025","1/8/2025","1/8/2025","ASTS","Stock Lending","SLIP","","","$0.01"
"1/3/2025","1/3/2025","1/6/2025","","ACH Deposit","ACH","","","$1,000.00"
"1/2/2025","1/2/2025","1/2/2025","","Gold Deposit Boost Payment","GDBP","","","$8.92"
"12/31/2024","12/31/2024","12/31/2024","AVGO","Cash Div: R/D 2024-12-23 P/D 2024-12-31 - 15.38796 shares at 0.59","CDIV","","","$9.08"
"12/31/2024","12/31/2024","12/31/2024","","Interest Payment","INT","","","$3.76"
"12/27/2024","12/27/2024","12/27/2024","NVDA","Cash Div: R/D 2024-12-05 P/D 2024-12-27 - 10.63949 shares at 0.01","CDIV","","","$0.11"
"12/27/2024","12/27/2024","12/27/2024","META","Cash Div: R/D 2024-12-16 P/D 2024-12-27 - 4.17233 shares at 0.5","CDIV","","","$2.09"
"12/23/2024","12/23/2024","12/24/2024","","ACH Deposit","ACH","","","$500.00"
"12/18/2024","12/18/2024","12/18/2024","SBLK","Cash Div: R/D 2024-12-05 P/D 2024-12-18 - 57.828517 shares at 0.6","CDIV","","","$34.70"
"12/18/2024","12/18/2024","12/18/2024","","Gold Subscription Fee","GOLD","","","($5.00)"
"12/16/2024","12/16/2024","12/16/2024","MCD","Cash Div: R/D 2024-12-02 P/D 2024-12-16 - 2.739726 shares at 1.77","CDIV","","","$4.85"
"12/13/2024","12/13/2024","12/16/2024","GD","General Dynamics
CUSIP: 369550108","Buy","0.94959","$263.27","($250.00)"
"12/12/2024","12/12/2024","12/12/2024","MSFT","Cash Div: R/D 2024-11-21 P/D 2024-12-12 - 2.796032 shares at 0.83","CDIV","","","$2.32"
"12/12/2024","12/12/2024","12/13/2024","ABBV","AbbVie
CUSIP: 00287Y109","Buy","0.44879","$172.61","($77.47)"
"12/12/2024","12/12/2024","12/13/2024","ABBV","AbbVie
CUSIP: 00287Y109","Buy","1","$172.61","($172.61)"
"12/11/2024","12/11/2024","12/11/2024","EVVAQ","ENVIVA
CUSIP: 29415B103","WRLS","100S","",""
"12/6/2024","12/6/2024","12/6/2024","SBLK","Stock Lending","SLIP","","","$0.01"
"12/6/2024","12/6/2024","12/6/2024","RBRK","Stock Lending","SLIP","","","$0.01"
"12/6/2024","12/6/2024","12/6/2024","OPRA","Stock Lending","SLIP","","","$0.01"
"12/6/2024","12/6/2024","12/6/2024","ABBV","Stock Lending","SLIP","","","$0.01"
"12/6/2024","12/6/2024","12/6/2024","ALAB","Stock Lending","SLIP","","","$0.01"
"12/6/2024","12/6/2024","12/6/2024","ASTS","Stock Lending","SLIP","","","$0.01"
"12/6/2024","12/6/2024","12/6/2024","JD","Stock Lending","SLIP","","","$0.01"
"12/6/2024","12/6/2024","12/6/2024","EVVAQ","Stock Lending","SLIP","","","$0.01"
"12/6/2024","12/6/2024","12/9/2024","GD","General Dynamics
CUSIP: 369550108","Buy","1.82232","$274.38","($500.00)"
"12/6/2024","12/6/2024","12/9/2024","","ACH Deposit","ACH","","","$750.00"
"12/2/2024","12/2/2024","12/3/2024","GD","General Dynamics
CUSIP: 369550108","Buy","1.868229","$275.94","($515.51)"
"12/2/2024","12/2/2024","12/2/2024","","Gold Deposit Boost Payment","GDBP","","","$8.53"
"11/29/2024","11/29/2024","11/29/2024","","Interest Payment","INT","","","$6.98"
"11/25/2024","11/25/2024","11/26/2024","AVGO","Broadcom
CUSIP: 11135F101","Buy","3.05073","$163.90","($500.00)"
"11/25/2024","11/25/2024","11/26/2024","AMZN","Amazon
CUSIP: 023135106","Buy","0.00052","$199.98","($0.10)"
"11/25/2024","11/25/2024","11/26/2024","AMZN","Amazon
CUSIP: 023135106","Buy","5","$199.98","($999.90)"
"11/25/2024","11/25/2024","11/26/2024","ABBV","AbbVie
CUSIP: 00287Y109","Buy","5.59753","$178.65","($1,000.00)"
"11/25/2024","11/25/2024","11/26/2024","GD","General Dynamics
CUSIP: 369550108","Buy","3.58889","$282.78","($1,014.85)"
"11/25/2024","11/25/2024","11/26/2024","GOOGL","Alphabet Class A
CUSIP: 02079K305","Sell","11.997433","$167.94","$2,014.85"
"11/22/2024","11/22/2024","11/25/2024","ABBV","AbbVie
CUSIP: 00287Y109","Buy","3.02658","$177.91","($538.46)"
"11/22/2024","11/22/2024","11/25/2024","RBRK","Rubrik
CUSIP: 781154109","Sell","50.081776","$50.69","$2,538.46"
"11/22/2024","11/22/2024","11/25/2024","GD","General Dynamics
CUSIP: 369550108","Buy","0.88969","$281.00","($250.00)"
"11/22/2024","11/22/2024","11/25/2024","ABBV","AbbVie
CUSIP: 00287Y109","Buy","2.79606","$178.82","($500.00)"
"11/22/2024","11/22/2024","11/25/2024","","ACH Deposit","ACH","","","$1,000.00"
"11/21/2024","11/21/2024","11/22/2024","AMZN","Amazon
CUSIP: 023135106","Buy","1.43914","$198.80","($286.11)"
"11/19/2024","11/19/2024","11/19/2024","ET","Cash Div: R/D 2024-11-08 P/D 2024-11-19 - 127.458458 shares at 0.3225","CDIV","","","$41.11"
"11/18/2024","11/18/2024","11/18/2024","","Gold Subscription Fee","GOLD","","","($5.00)"
"11/15/2024","11/15/2024","11/18/2024","ABBV","AbbVie
CUSIP: 00287Y109","Buy","1.505563","$166.05","($250.00)"
"11/15/2024","11/15/2024","11/18/2024","GD","General Dynamics
CUSIP: 369550108","Buy","0.86923","$287.61","($250.00)"
"11/14/2024","11/14/2024","11/15/2024","GD","General Dynamics
CUSIP: 369550108","Buy","0.999639","$295.10","($294.99)"
"11/14/2024","11/14/2024","11/15/2024","GD","General Dynamics
CUSIP: 369550108","Buy","0.694972","$294.99","($205.01)"
"11/13/2024","11/13/2024","11/14/2024","ABBV","AbbVie
CUSIP: 00287Y109","Buy","3.54269","$171.04","($605.96)"
"11/11/2024","11/11/2024","11/12/2024","ABBV","AbbVie
CUSIP: 00287Y109","Buy","11.42139","$175.11","($2,000.00)"
"11/8/2024","11/8/2024","11/12/2024","BAC","Bank of America
CUSIP: 060505104","Sell","13.513533","$45.35","$612.82"
"11/8/2024","11/8/2024","11/12/2024","UAL","United Airlines
CUSIP: 910047109","Sell","5","$87.11","$435.56"
"11/8/2024","11/8/2024","11/12/2024","UAL","United Airlines
CUSIP: 910047109","Sell","0.213764","$87.12","$18.62"
"11/8/2024","11/8/2024","11/11/2024","","ACH Deposit","ACH","","","$750.00"
"11/7/2024","11/7/2024","11/7/2024","RBRK","Stock Lending","SLIP","","","$0.01"
"11/7/2024","11/7/2024","11/7/2024","SBLK","Stock Lending","SLIP","","","$0.01"
"11/7/2024","11/7/2024","11/7/2024","OPRA","Stock Lending","SLIP","","","$0.01"
"11/7/2024","11/7/2024","11/7/2024","EVVAQ","Stock Lending","SLIP","","","$0.01"
"11/7/2024","11/7/2024","11/7/2024","AVGO","Stock Lending","SLIP","","","$0.01"
"11/7/2024","11/7/2024","11/7/2024","ASTS","Stock Lending","SLIP","","","$0.01"
"11/7/2024","11/7/2024","11/7/2024","ALAB","Stock Lending","SLIP","","","$0.01"
"11/7/2024","11/7/2024","11/7/2024","BAC","Stock Lending","SLIP","","","$0.01"
"11/1/2024","11/1/2024","11/1/2024","DELL","Cash Div: R/D 2024-10-22 P/D 2024-11-01 - 11.440443 shares at 0.445","CDIV","","","$5.09"
"11/1/2024","11/1/2024","11/1/2024","T","Cash Div: R/D 2024-10-10 P/D 2024-11-01 - 66.721891 shares at 0.2775","CDIV","","","$18.52"
"11/1/2024","11/1/2024","11/1/2024","","Gold Deposit Boost Payment","GDBP","","","$8.01"
"10/31/2024","10/31/2024","10/31/2024","","Interest Payment","INT","","","$12.26"
"10/25/2024","10/25/2024","10/28/2024","","ACH Deposit","ACH","","","$750.00"
"10/21/2024","10/21/2024","10/21/2024","","Gold Subscription Fee","GOLD","","","($5.00)"
"10/11/2024","10/11/2024","10/15/2024","AVGO","Broadcom
CUSIP: 11135F101","Buy","2.77623","$180.10","($500.00)"
"10/10/2024","10/10/2024","10/11/2024","T","AT&T
CUSIP: 00206R102","Buy","11","$21.23","($233.48)"
"10/10/2024","10/10/2024","10/11/2024","T","AT&T
CUSIP: 00206R102","Buy","0.778563","$21.22","($16.52)"
"10/10/2024","10/10/2024","10/11/2024","T","AT&T
CUSIP: 00206R102","Buy","11.72332","$21.32","($250.00)"
"10/9/2024","10/9/2024","10/10/2024","T","AT&T
CUSIP: 00206R102","Buy","22.84148","$21.89","($500.00)"
"10/8/2024","10/8/2024","10/9/2024","AMZN","Amazon
CUSIP: 023135106","Buy","3.01392","$182.10","($548.82)"
"10/8/2024","10/8/2024","10/9/2024","JD","JD.com
CUSIP: 47215P106","Buy","45.24886","$44.20","($2,000.00)"
"10/7/2024","10/7/2024","10/7/2024","SBLK","Stock Lending","SLIP","","","$0.01"
"10/7/2024","10/7/2024","10/7/2024","VICI","Stock Lending","SLIP","","","$0.01"
"10/7/2024","10/7/2024","10/7/2024","RBRK","Stock Lending","SLIP","","","$0.01"
"10/7/2024","10/7/2024","10/7/2024","DELL","Stock Lending","SLIP","","","$0.01"
"10/7/2024","10/7/2024","10/7/2024","EVVAQ","Stock Lending","SLIP","","","$0.01"
"10/7/2024","10/7/2024","10/7/2024","OPRA","Stock Lending","SLIP","","","$0.01"
"10/7/2024","10/7/2024","10/7/2024","ASTS","Stock Lending","SLIP","","","$0.01"
"10/7/2024","10/7/2024","10/7/2024","ALAB","Stock Lending","SLIP","","","$0.01"
"10/3/2024","10/3/2024","10/3/2024","NVDA","Cash Div: R/D 2024-09-12 P/D 2024-10-03 - 10.63949 shares at 0.01","CDIV","","","$0.11"
"10/3/2024","10/3/2024","10/3/2024","VICI","Cash Div: R/D 2024-09-18 P/D 2024-10-03 - 44.194419 shares at 0.4325","CDIV","","","$19.11"
"10/1/2024","10/1/2024","10/1/2024","","Gold Deposit Boost Payment","GDBP","","","$6.09"
"9/30/2024","9/30/2024","9/30/2024","AVGO","Cash Div: R/D 2024-09-19 P/D 2024-09-30 - 9.561 shares at 0.53","CDIV","","","$5.07"
"9/30/2024","9/30/2024","9/30/2024","","Interest Payment","INT","","","$12.76"
"9/27/2024","9/27/2024","9/27/2024","BAC","Cash Div: R/D 2024-09-06 P/D 2024-09-27 - 13.513533 shares at 0.26","CDIV","","","$3.51"
"9/27/2024","9/27/2024","9/30/2024","","ACH Deposit","ACH","","","$1,500.00"
"9/26/2024","9/26/2024","9/26/2024","META","Cash Div: R/D 2024-09-16 P/D 2024-09-26 - 4.17233 shares at 0.5","CDIV","","","$2.09"
"9/23/2024","9/23/2024","9/24/2024","DELL","Dell
CUSIP: 24703L202","Buy","4.24982","$117.65","($500.00)"
"9/20/2024","9/20/2024","9/23/2024","MSFT","Microsoft
CUSIP: 594918104","Buy","1.14643","$435.77","($499.58)"
"9/19/2024","9/19/2024","9/19/2024","","Gold Subscription Fee","GOLD","","","($5.00)"
"9/17/2024","9/17/2024","9/17/2024","MCD","Cash Div: R/D 2024-09-03 P/D 2024-09-17 - 2.739726 shares at 1.67","CDIV","","","$4.58"
"9/17/2024","9/17/2024","9/18/2024","AVGO","Broadcom
CUSIP: 11135F101","Buy","2.999442","$161.51","($484.44)"
"9/17/2024","9/17/2024","9/18/2024","AVGO","Broadcom
CUSIP: 11135F101","Buy","0.096358","$161.48","($15.56)"
"9/17/2024","9/17/2024","9/18/2024","AVGO","Broadcom
CUSIP: 11135F101","Buy","1.54071","$163.82","($252.40)"
"9/16/2024","9/16/2024","9/16/2024","GOOGL","Cash Div: R/D 2024-09-09 P/D 2024-09-16 - 11.997433 shares at 0.2","CDIV","","","$2.40"
"9/13/2024","9/13/2024","9/16/2024","RBRK","Rubrik
CUSIP: 781154109","Buy","24.534291","$30.62","($751.24)"
"9/13/2024","9/13/2024","9/16/2024","","ACH Deposit","ACH","","","$3,000.00"
"9/12/2024","9/12/2024","9/12/2024","MSFT","Cash Div: R/D 2024-08-15 P/D 2024-09-12 - 1.649602 shares at 0.75","CDIV","","","$1.24"
"9/12/2024","9/12/2024","9/13/2024","ASTS","AST SpaceMobile
CUSIP: 00217D100","Buy","20.986908","$25.51","($535.29)"
"9/12/2024","9/12/2024","9/13/2024","ASTS","AST SpaceMobile
CUSIP: 00217D100","Buy","0.21224","$25.49","($5.41)"
"9/11/2024","9/11/2024","9/12/2024","","ACH Deposit","ACH","","","$4,000.00"
"9/9/2024","9/9/2024","9/9/2024","RBRK","Stock Lending","SLIP","","","$0.01"
"9/9/2024","9/9/2024","9/9/2024","ALAB","Stock Lending","SLIP","","","$0.17"
"9/9/2024","9/9/2024","9/9/2024","SBLK","Stock Lending","SLIP","","","$0.01"
"9/9/2024","9/9/2024","9/9/2024","ASTS","Stock Lending","SLIP","","","$0.01"
"9/9/2024","9/9/2024","9/9/2024","EVVAQ","Stock Lending","SLIP","","","$0.01"
"9/9/2024","9/9/2024","9/9/2024","OPRA","Stock Lending","SLIP","","","$0.01"
"9/6/2024","9/6/2024","9/6/2024","SBLK","Cash Div: R/D 2024-08-27 P/D 2024-09-06 - 57.828517 shares at 0.7","CDIV","","","$40.48"
"9/4/2024","9/4/2024","9/5/2024","AMZN","Amazon
CUSIP: 023135106","Buy","4","$173.19","($692.74)"
"9/4/2024","9/4/2024","9/5/2024","AMZN","Amazon
CUSIP: 023135106","Buy","0.285244","$173.18","($49.40)"
"9/3/2024","9/3/2024","9/4/2024","","ACH Deposit","ACH","","","$200.00"
"9/3/2024","9/3/2024","9/3/2024","","Gold Deposit Boost Payment","GDBP","","","$3.90"
"8/30/2024","8/30/2024","8/30/2024","","Interest Payment","INT","","","$2.45"
"8/30/2024","8/30/2024","9/3/2024","","ACH Deposit","ACH","","","$500.00"
"8/20/2024","8/20/2024","8/20/2024","","Gold Subscription Fee","GOLD","","","($5.00)"
"8/19/2024","8/19/2024","8/19/2024","ET","Cash Div: R/D 2024-08-09 P/D 2024-08-19 - 127.458458 shares at 0.32","CDIV","","","$40.79"
"8/16/2024","8/16/2024","8/19/2024","","ACH Deposit","ACH","","","$500.00"
"8/13/2024","8/13/2024","8/14/2024","AVGO","Broadcom
CUSIP: 11135F101","Buy","4.92449","$152.30","($750.00)"
"8/8/2024","8/8/2024","8/9/2024","AMZN","Amazon
CUSIP: 023135106","Buy","1.52381","$164.18","($250.18)"
"8/7/2024","8/7/2024","8/7/2024","SBLK","Stock Lending","SLIP","","","$0.01"
"8/7/2024","8/7/2024","8/7/2024","EVVAQ","Stock Lending","SLIP","","","$0.01"
"8/7/2024","8/7/2024","8/7/2024","OPRA","Stock Lending","SLIP","","","$0.01"
"8/7/2024","8/7/2024","8/7/2024","ALAB","Stock Lending","SLIP","","","$0.13"
"8/7/2024","8/7/2024","8/7/2024","RBRK","Stock Lending","SLIP","","","$0.01"
"8/7/2024","8/7/2024","8/7/2024","ASTS","Stock Lending","SLIP","","","$0.01"
"8/6/2024","8/6/2024","8/7/2024","ALAB","Astera Labs, Inc.
CUSIP: 04626A103","Buy","5.991371","$44.16","($264.57)"
"8/6/2024","8/6/2024","8/7/2024","ALAB","Astera Labs, Inc.
CUSIP: 04626A103","Buy","0.408663","$44.10","($18.02)"
"8/2/2024","8/2/2024","8/2/2024","DELL","Cash Div: R/D 2024-07-23 P/D 2024-08-02 - 7.190623 shares at 0.445","CDIV","","","$3.20"
"8/2/2024","8/2/2024","8/5/2024","","ACH Deposit","ACH","","","$750.00"
"8/1/2024","8/1/2024","8/1/2024","VZ","Cash Div: R/D 2024-07-10 P/D 2024-08-01 - 24.931185 shares at 0.665","CDIV","","","$16.58"
"8/1/2024","8/1/2024","8/1/2024","T","Cash Div: R/D 2024-07-10 P/D 2024-08-01 - 29.994001 shares at 0.2775","CDIV","","","$8.32"
"8/1/2024","8/1/2024","8/1/2024","","Gold Deposit Boost Payment","GDBP","","","$1.73"
"7/31/2024","7/31/2024","7/31/2024","","Interest Payment","INT","","","$2.76"
"7/30/2024","7/30/2024","7/31/2024","NVDA","NVIDIA
CUSIP: 67066G104","Buy","2.36978","$105.50","($250.00)"
"7/30/2024","7/30/2024","7/31/2024","AMZN","Amazon
CUSIP: 023135106","Buy","2.74687","$182.02","($500.00)"
"7/30/2024","7/30/2024","7/31/2024","AMD","AMD
CUSIP: 007903107","Buy","1.82209","$137.20","($250.00)"
"7/30/2024","7/30/2024","7/31/2024","NVDA","NVIDIA
CUSIP: 67066G104","Buy","4.59622","$108.78","($500.00)"
"7/24/2024","7/24/2024","7/25/2024","AMZN","Amazon
CUSIP: 023135106","Buy","2.749564","$181.85","($500.00)"
"7/24/2024","7/24/2024","7/24/2024","","External debit card transfer - account ending in 2435","DCF","","","$2,500.00"
"7/24/2024","7/24/2024","7/25/2024","ALAB","Astera Labs, Inc.
CUSIP: 04626A103","Buy","9.996562","$48.00","($479.80)"
"7/24/2024","7/24/2024","7/25/2024","ALAB","Astera Labs, Inc.
CUSIP: 04626A103","Buy","0.421008","$47.98","($20.20)"
"7/23/2024","7/23/2024","7/24/2024","CMG","Chipotle
CUSIP: 169656105","Buy","4.742132","$52.72","($250.00)"
"7/22/2024","7/22/2024","7/23/2024","AMZN","Amazon
CUSIP: 023135106","Buy","2.722586","$183.65","($500.00)"
"7/22/2024","7/22/2024","7/23/2024","T","AT&T
CUSIP: 00206R102","Buy","13.88641","$18.66","($259.19)"
"7/22/2024","7/22/2024","7/22/2024","","Gold Subscription Fee","GOLD","","","($5.00)"
"7/19/2024","7/19/2024","7/22/2024","","ACH Deposit","ACH","","","$500.00"
"7/19/2024","7/19/2024","7/22/2024","","ACH Deposit","ACH","","","$1,000.00"
"7/18/2024","7/18/2024","7/18/2024","OPRA","Cash Div: R/D 2024-07-02 P/D 2024-07-15 - 36.386216 shares at 0.4","CDIV","","","$14.55"
"7/18/2024","7/18/2024","7/18/2024","OPRA","Sponsored ADR: Agency Processing Fee at $0.36","DFEE","","","($0.36)"
"7/18/2024","7/18/2024","7/19/2024","GOOGL","Alphabet Class A
CUSIP: 02079K305","Buy","1.413747","$176.83","($249.99)"
"7/18/2024","7/18/2024","7/19/2024","GOOGL","Alphabet Class A
CUSIP: 02079K305","Buy","0.000056","$176.83","($0.01)"
"7/18/2024","7/18/2024","7/19/2024","OPRA","Opera
CUSIP: 68373M107","Buy","12.386457","$12.10","($149.88)"
"7/18/2024","7/18/2024","7/19/2024","OPRA","Opera
CUSIP: 68373M107","Buy","0.009917","$12.10","($0.12)"
"7/18/2024","7/18/2024","7/19/2024","CMG","Chipotle
CUSIP: 169656105","Buy","1","$52.86","($52.86)"
"7/18/2024","7/18/2024","7/19/2024","CMG","Chipotle
CUSIP: 169656105","Buy","0.891968","$52.86","($47.14)"
"7/18/2024","7/18/2024","7/19/2024","AMZN","Amazon
CUSIP: 023135106","Buy","1.36559","$183.07","($250.00)"
"7/18/2024","7/18/2024","7/19/2024","UAL","United Airlines
CUSIP: 910047109","Buy","5.213764","$47.95","($250.00)"
"7/17/2024","7/17/2024","7/18/2024","GOOGL","Alphabet Class A
CUSIP: 02079K305","Buy","3.03867","$181.00","($550.00)"
"7/17/2024","7/17/2024","7/18/2024","ALAB","Astera Labs, Inc.
CUSIP: 04626A103","Buy","8.225187","$54.71","($450.00)"
"7/17/2024","7/17/2024","7/17/2024","","External debit card transfer - account ending in 2435","DCF","","","$2,000.00"
"7/11/2024","7/11/2024","7/12/2024","OPRA","Opera
CUSIP: 68373M107","Buy","23","$13.02","($299.46)"
"7/11/2024","7/11/2024","7/12/2024","OPRA","Opera
CUSIP: 68373M107","Buy","0.041474","$13.02","($0.54)"
"7/11/2024","7/11/2024","7/12/2024","NFLX","Netflix
CUSIP: 64110L106","Buy","0.426225","$648.16","($276.26)"
"7/11/2024","7/11/2024","7/12/2024","AMZN","Amazon
CUSIP: 023135106","Buy","2.591815","$192.92","($500.00)"
"7/11/2024","7/11/2024","7/12/2024","META","Meta Platforms
CUSIP: 30303M102","Buy","0.49009","$510.11","($250.00)"
"7/11/2024","7/11/2024","7/12/2024","VZ","Verizon
CUSIP: 92343V104","Sell","24.931185","$41.16","$1,026.26"
"7/11/2024","7/11/2024","7/12/2024","","ACH Deposit","ACH","","","$300.00"
"7/9/2024","7/9/2024","7/10/2024","ALAB","Astera Labs, Inc.
CUSIP: 04626A103","Buy","4.476676","$55.79","($249.75)"
"7/9/2024","7/9/2024","7/10/2024","ALAB","Astera Labs, Inc.
CUSIP: 04626A103","Buy","0.004481","$55.79","($0.25)"
"7/9/2024","7/9/2024","7/10/2024","","ACH Deposit","ACH","","","$250.00"
"7/8/2024","7/8/2024","7/9/2024","GOOGL","Alphabet Class A
CUSIP: 02079K305","Buy","1.0561","$189.38","($200.00)"
"7/8/2024","7/8/2024","7/9/2024","MSFT","Microsoft
CUSIP: 594918104","Buy","0.42953","$465.62","($200.00)"
"7/8/2024","7/8/2024","7/9/2024","CMG","Chipotle
CUSIP: 169656105","Buy","1.989919","$59.50","($118.40)"
"7/5/2024","7/5/2024","7/5/2024","INDI","Stock Lending","SLIP","","","$0.01"
"7/5/2024","7/5/2024","7/5/2024","EVVAQ","Stock Lending","SLIP","","","$0.01"
"7/5/2024","7/5/2024","7/5/2024","RBRK","Stock Lending","SLIP","","","$0.01"
"7/5/2024","7/5/2024","7/5/2024","SBLK","Stock Lending","SLIP","","","$0.01"
"7/5/2024","7/5/2024","7/5/2024","ALAB","Stock Lending","SLIP","","","$0.01"
"7/5/2024","7/5/2024","7/5/2024","ASTS","Stock Lending","SLIP","","","$0.01"
"7/5/2024","7/5/2024","7/8/2024","","ACH Deposit","ACH","","","$500.00"
"7/3/2024","7/3/2024","7/3/2024","VICI","Cash Div: R/D 2024-06-18 P/D 2024-07-03 - 44.194419 shares at 0.415","CDIV","","","$18.34"
"7/1/2024","7/1/2024","7/2/2024","OPRA","Opera
CUSIP: 68373M107","Buy","36.386216","$13.93","($506.86)"
"7/1/2024","7/1/2024","7/1/2024","","Gold Deposit Boost Payment","GDBP","","","$0.10"
"7/1/2024","7/1/2024","7/1/2024","","Cash reward","MISC","","","$1.00"
"6/28/2024","6/28/2024","6/28/2024","","Interest Payment","INT","","","$2.39"
"6/28/2024","6/28/2024","6/28/2024","NVDA","Cash Div: R/D 2024-06-11 P/D 2024-06-28 - 12.86477 shares at 0.01","CDIV","","","$0.13"
"6/28/2024","6/28/2024","6/28/2024","BAC","Cash Div: R/D 2024-06-07 P/D 2024-06-28 - 13.513533 shares at 0.24","CDIV","","","$3.24"
"6/28/2024","6/28/2024","7/2/2024","","ACH Deposit","ACH","","","$500.00"
"6/27/2024","6/27/2024","6/28/2024","NFLX","Netflix
CUSIP: 64110L106","Buy","0.221404","$685.80","($151.84)"
"6/27/2024","6/27/2024","6/28/2024","CMG","Chipotle
CUSIP: 169656105","Buy","1.6039","$62.35","($100.00)"
"6/26/2024","6/26/2024","6/26/2024","META","Cash Div: R/D 2024-06-14 P/D 2024-06-26 - 3.68224 shares at 0.5","CDIV","","","$1.84"
"6/26/2024","6/26/2024","6/26/2024","CMG","Chipotle
CUSIP: 169656105","SPL","3.8157","",""
"6/21/2024","6/21/2024","6/24/2024","CMG","Chipotle
CUSIP: 169656105","Buy","0.077871","$3,210.44","($250.00)"
"6/21/2024","6/21/2024","6/24/2024","ALAB","Astera Labs, Inc.
CUSIP: 04626A103","Buy","4.997984","$59.53","($297.53)"
"6/21/2024","6/21/2024","6/24/2024","ALAB","Astera Labs, Inc.
CUSIP: 04626A103","Buy","0.041593","$59.50","($2.47)"
"6/21/2024","6/21/2024","6/24/2024","ASTS","AST SpaceMobile
CUSIP: 00217D100","Buy","19","$10.20","($193.90)"
"6/21/2024","6/21/2024","6/24/2024","ASTS","AST SpaceMobile
CUSIP: 00217D100","Buy","0.598236","$10.20","($6.10)"
"6/21/2024","6/21/2024","6/24/2024","RBRK","Rubrik
CUSIP: 781154109","Buy","2.984766","$28.57","($85.27)"
"6/21/2024","6/21/2024","6/24/2024","ASTS","AST SpaceMobile
CUSIP: 00217D100","Buy","13.993721","$10.48","($146.65)"
"6/21/2024","6/21/2024","6/24/2024","ASTS","AST SpaceMobile
CUSIP: 00217D100","Buy","0.319809","$10.48","($3.35)"
"6/21/2024","6/21/2024","6/24/2024","","ACH Deposit","ACH","","","$750.00"
"6/21/2024","6/21/2024","6/21/2024","","Gold Subscription Fee","GOLD","","","($5.00)"
"6/20/2024","6/20/2024","6/20/2024","SBLK","Cash Div: R/D 2024-06-06 P/D 2024-06-20 - 57.828517 shares at 0.75","CDIV","","","$43.37"
"6/18/2024","6/18/2024","6/20/2024","AMZN","Amazon
CUSIP: 023135106","Buy","1.36855","$182.68","($250.00)"
"6/18/2024","6/18/2024","6/20/2024","NVDA","NVIDIA
CUSIP: 67066G104","Buy","3.67349","$136.11","($500.00)"
"6/18/2024","6/18/2024","6/20/2024","ASTS","AST SpaceMobile
CUSIP: 00217D100","Buy","41.788549","$11.95","($499.52)"
"6/18/2024","6/18/2024","6/20/2024","ASTS","AST SpaceMobile
CUSIP: 00217D100","Buy","0.040155","$11.95","($0.48)"
"6/18/2024","6/18/2024","6/20/2024","NVDA","NVIDIA
CUSIP: 67066G104","Sell","12.86477","$131.45","$1,691.02"
"6/17/2024","6/17/2024","6/17/2024","GOOGL","Cash Div: R/D 2024-06-10 P/D 2024-06-17 - 6.48886 shares at 0.2","CDIV","","","$1.30"
"6/17/2024","6/17/2024","6/17/2024","MCD","Cash Div: R/D 2024-06-03 P/D 2024-06-17 - 2.739726 shares at 1.67","CDIV","","","$4.58"
"6/17/2024","6/17/2024","6/18/2024","VICI","VICI Properties
CUSIP: 925652109","Buy","17.823163","$28.10","($500.92)"
"6/17/2024","6/17/2024","6/18/2024","ALAB","Astera Labs, Inc.
CUSIP: 04626A103","Buy","7","$65.10","($455.70)"
"6/17/2024","6/17/2024","6/18/2024","ALAB","Astera Labs, Inc.
CUSIP: 04626A103","Buy","0.00215","$65.10","($0.14)"
"6/17/2024","6/17/2024","6/18/2024","ALAB","Astera Labs, Inc.
CUSIP: 04626A103","Buy","0.678132","$65.12","($44.16)"
"6/13/2024","6/13/2024","6/13/2024","MSFT","Cash Div: R/D 2024-05-16 P/D 2024-06-13 - 1.220072 shares at 0.75","CDIV","","","$0.92"
"6/12/2024","6/12/2024","6/13/2024","RBRK","Rubrik
CUSIP: 781154109","Buy","2.998169","$31.79","($95.31)"
"6/12/2024","6/12/2024","6/13/2024","RBRK","Rubrik
CUSIP: 781154109","Buy","0.147623","$31.77","($4.69)"
"6/12/2024","6/12/2024","6/13/2024","","ACH Deposit","ACH","","","$1,000.00"
"6/12/2024","6/12/2024","6/13/2024","RBRK","Rubrik
CUSIP: 781154109","Buy","2.99742","$31.99","($95.88)"
"6/12/2024","6/12/2024","6/13/2024","RBRK","Rubrik
CUSIP: 781154109","Buy","0.128911","$31.96","($4.12)"
"6/12/2024","6/12/2024","6/13/2024","RBRK","Rubrik
CUSIP: 781154109","Buy","2.998755","$32.14","($96.38)"
"6/12/2024","6/12/2024","6/13/2024","RBRK","Rubrik
CUSIP: 781154109","Buy","0.11284","$32.12","($3.62)"
"6/12/2024","6/12/2024","6/13/2024","RBRK","Rubrik
CUSIP: 781154109","Buy","3.095802","$32.30","($100.00)"
"6/12/2024","6/12/2024","6/13/2024","RBRK","Rubrik
CUSIP: 781154109","Buy","2.995992","$32.44","($97.19)"
"6/12/2024","6/12/2024","6/13/2024","RBRK","Rubrik
CUSIP: 781154109","Buy","0.086896","$32.40","($2.81)"
"6/12/2024","6/12/2024","6/13/2024","AMZN","Amazon
CUSIP: 023135106","Buy","1.33304","$187.54","($250.00)"
"6/10/2024","6/10/2024","6/11/2024","RBRK","Rubrik
CUSIP: 781154109","Buy","6.994708","$35.72","($249.83)"
"6/10/2024","6/10/2024","6/11/2024","RBRK","Rubrik
CUSIP: 781154109","Buy","0.005603","$35.69","($0.20)"
"6/10/2024","6/10/2024","6/10/2024","NVDA","NVIDIA
CUSIP: 67066G104","SPL","11.5783","",""
"6/7/2024","6/7/2024","6/7/2024","ET","Stock Lending","SLIP","","","$0.01"
"6/7/2024","6/7/2024","6/7/2024","EVVAQ","Stock Lending","SLIP","","","$0.01"
"6/7/2024","6/7/2024","6/7/2024","INDI","Stock Lending","SLIP","","","$0.01"
"6/7/2024","6/7/2024","6/10/2024","","ACH Deposit","ACH","","","$1,000.00"
"6/5/2024","6/5/2024","6/6/2024","SBLK","Star Bulk
CUSIP: Y8162K204","Buy","57.828517","$26.65","($1,541.13)"
"6/3/2024","6/3/2024","6/4/2024","INDI","indie Semiconductor
CUSIP: 45569U101","Sell","73.583517","$7.34","$539.71"
"5/31/2024","5/31/2024","5/31/2024","","Interest Payment","INT","","","$1.42"
"5/31/2024","5/31/2024","6/3/2024","DELL","Dell
CUSIP: 24703L202","Buy","7","$139.07","($973.49)"
"5/31/2024","5/31/2024","6/3/2024","DELL","Dell
CUSIP: 24703L202","Buy","0.190623","$139.07","($26.51)"
"5/31/2024","5/31/2024","6/3/2024","","ACH Deposit","ACH","","","$750.00"
"5/28/2024","5/28/2024","5/29/2024","INDI","indie Semiconductor
CUSIP: 45569U101","Buy","73","$6.80","($496.04)"
"5/28/2024","5/28/2024","5/29/2024","INDI","indie Semiconductor
CUSIP: 45569U101","Buy","0.583517","$6.80","($3.96)"
"5/28/2024","5/28/2024","5/29/2024","ET","Energy Transfer
CUSIP: 29273V100","Buy","48.544317","$15.45","($750.00)"
"5/24/2024","5/24/2024","5/28/2024","","ACH Deposit","ACH","","","$50.00"
"5/24/2024","5/24/2024","5/28/2024","","ACH Deposit","ACH","","","$1,445.00"
"5/22/2024","5/22/2024","5/22/2024","","Cash reward","MISC","","","$5.00"
"5/15/2024","5/15/2024","5/16/2024","","ACH Deposit","ACH","","","$1,000.00"
"5/15/2024","5/15/2024","5/17/2024","ET","Energy Transfer
CUSIP: 29273V100","Buy","78.914141","$15.84","($1,250.00)"
"5/1/2024","5/1/2024","5/3/2024","AMD","AMD
CUSIP: 007903107","Buy","6.79324","$147.20","($1,000.00)"
"5/1/2024","5/1/2024","5/3/2024","VICI","VICI Properties
CUSIP: 925652109","Buy","26.306559","$28.44","($748.16)"
"5/1/2024","5/1/2024","5/3/2024","VICI","VICI Properties
CUSIP: 925652109","Buy","0.064697","$28.44","($1.84)"
"4/29/2024","4/29/2024","5/1/2024","META","Meta Platforms
CUSIP: 30303M102","Buy","2.149877","$439.56","($945.00)"
"4/29/2024","4/29/2024","4/30/2024","","ACH Deposit","ACH","","","$1,000.00"
"4/26/2024","4/26/2024","4/30/2024","EVVAQ","ENVIVA
CUSIP: 29415B103","Buy","100","$0.55","($55.00)"
"4/24/2024","4/24/2024","4/26/2024","MSFT","Microsoft
CUSIP: 594918104","Buy","0.99998","$409.82","($409.81)"
"4/24/2024","4/24/2024","4/26/2024","MSFT","Microsoft
CUSIP: 594918104","Buy","0.220092","$409.80","($90.19)"
"4/22/2024","4/22/2024","4/24/2024","VZ","Verizon
CUSIP: 92343V104","Buy","12.856874","$38.89","($500.00)"
"4/22/2024","4/22/2024","4/23/2024","","ACH Deposit","ACH","","","$4,000.00"
"4/22/2024","4/22/2024","4/24/2024","T","AT&T
CUSIP: 00206R102","Buy","29.994001","$16.67","($500.00)"
"4/22/2024","4/22/2024","4/24/2024","VZ","Verizon
CUSIP: 92343V104","Buy","12.061271","$41.41","($499.46)"
"4/22/2024","4/22/2024","4/24/2024","VZ","Verizon
CUSIP: 92343V104","Buy","0.01304","$41.41","($0.54)"
"4/22/2024","4/22/2024","4/24/2024","GOOGL","Alphabet Class A
CUSIP: 02079K305","Buy","6.459531","$154.11","($995.48)"
"4/22/2024","4/22/2024","4/24/2024","GOOGL","Alphabet Class A
CUSIP: 02079K305","Buy","0.029329","$154.11","($4.52)"
"4/22/2024","4/22/2024","4/24/2024","META","Meta Platforms
CUSIP: 30303M102","Buy","1.532363","$489.44","($750.00)"
"4/22/2024","4/22/2024","4/24/2024","MCD","McDonald's
CUSIP: 580135101","Buy","2.739726","$273.75","($750.00)"
"4/22/2024","4/22/2024","4/24/2024","NVDA","NVIDIA
CUSIP: 67066G104","Buy","1.280229","$781.11","($1,000.00)"
"4/22/2024","4/22/2024","4/24/2024","BAC","Bank of America
CUSIP: 060505104","Buy","13.471642","$37.00","($498.45)"
"4/22/2024","4/22/2024","4/24/2024","BAC","Bank of America
CUSIP: 060505104","Buy","0.041891","$37.00","($1.55)"
"4/11/2024","4/11/2024","4/11/2024","NVDA","NVIDIA
CUSIP: 67066G104","REC","0.0062","",""
"4/11/2024","4/11/2024","4/15/2024","","ACH Deposit","ACH","","","$5,000.00"
""
"","","","","","","","","","The data provided is for informational purposes only. Please consult a professional tax service or personal tax advisor if you need instructions on how to calculate cost basis or questions regarding your specific tax situation. Reminder: This data does not include Robinhood Crypto or Robinhood Spending activity."
